Commit Sha,Work Item Id
950769afbc06ce0845f6f5a36fb04bdd70f1e4d4,6
6a908546ae039be68ded8dc5bf606d997da2f832,55
f3f770781ade488765c8c4b418ebb36bd28289c4,157
976fee69df17f2cd2ca032b8637a4070c6ed1a45,151
3bb973473f4ad50bc9aa3f8fc9ae3386e5d83d74,160
46f112ffefa8813d231d70bd4505cc668ddaaba1,184
8fd74fa42efc6827aec5ebaed317eff05e29db10,185
5269836bd478c32956c65ada4a31d6e6bc458d26,199
e030e232bba7070a06ab55846fcaf04ea78ab1d6,200
038219871cbf382a95429b512a96ed9459b38347,201
9fb86c729b0cc2f99e31ba6414c03c63208383d8,206
bd1e895fdee0437c3c88777d3b0ce09d6ddf09a1,205
1b1e193a4164bb892f2bc2301d5d9e479056f661,203
ff8d4d31b29ffd3c58d28cb97c03a1be47575d7a,208
5d8ed42676dcd4f812d196717bfc054fdcfbb5bc,218
643e6572f10791030882eb0ee876e9561a645890,219
753ba1225a13bc9090f66e7ffb72438f2c359253,225
5e890d4d6d43b78dd1b15755c7bfedbe32342eb7,232
b1b6dc73a1ef3f7186904251edfa635a903d5a6c,227
9e4d03378204b040dddfa0939b5a56fb7523ca49,238
2d6b98d69c137e15a7c80f3e4a5a60fa273f25c9,241
acfa62330ec37b9ebe6aa16ed1e98256f404f066,236
98c5b5da9f602691e5bcdf726160cc2c24c7f288,243
7f5f2d38f61ab0aa8bf9ef7af48ab225662c2244,234
59a1d2b04ca4eefb0ec525c23fcee94deceb5d09,249
1f9811e3e112b80df3c862607de6657a22eedf2f,255
301dacfdd8af34586def0722a08452bab6393bc9,257
ae7f20616a1cdfbf2193a13e877b43298b3263ff,260
80e77b61c5a32afd6bc78e73e64d425d302b9cfe,237
5919059ce982a4e8a3450cd0e6a87064fb0bbe4b,251
56a0130042d0f1125f1cb98cc1b7aa15ed5f590b,266
3fedb8fa682242fa466ed2b826fb8df934a4e465,258
5b765f17dac57437d257e2b8a9c0d01c118b03e4,264
f47d0886eab1a10b01abff5acf58b038bd73df57,269
7df8f9446f026ed11cb24d9b2fc3e779ad6ca7da,274
61b1ce5704e063e48ce7c5192d58502b8a7d7cb8,275
2189750f11d9e69ed3fde6382e044b2cdd3c9987,273
5f7e9ffeb90dfd8846f6f601c087fed54f9bcd95,276
12dedaade2af4c85384517b46cb240eeb2e46fe0,265
5bc4d56493728bb03a20438d633cbe0e323dd226,268
572cacd4142c142bf84903f55547f9000e0e5547,286
95ead48d01dda64eb12fd27c3be3de5ddccf2c1a,288
8661218138c0e6a836d4432331d041b89b584050,272
e2623769bdd08e3ca5f0ee6d5680f1a9df809c3a,291
9443a3ea03bcc33e1fa2b0025d73e5fe2452d801,292
8e472b411418beefef32db318ebd1e01ec8640a8,295
84d007acbbf613d642617cb84df80da0889f19dd,302
1e005750bf59e8b4ac7694a99a4051f9e4ac21fd,304
d4538695020192ca9d2d5dd2f22ab8c407457de5,301
4db05066097326aba4f4d12402cca4041cac9328,306
27b452bebeafc96a5a57d207f4eae0207c257354,305
26094f1c420f19d5f72191e8fea081f15dd864d0,308
dfaca0dafc5720e46d15c4a1c3f6fe7f6d29e686,312
07fa19524a85b64fd1f64de8e6b84d48d5b6b597,311
ededbcf881833b3e48373aed0c083b5535111253,309
52de051251e27f0d5d21a3ed4ab80011334c41db,314
01642596d1ef536de71653d3f181114a7e42c5f4,296
a32a37067cc44600c7ea6a8e16da0ec611a2d298,319
925427a7a600b6d1263670932248853f99016602,320
7d5a7eb97e8fcaf519f7a7caffcf574c98bf1de9,321
bff6ec5cd33d835faa6fb477bf866fd63c49c199,316
ee477a60e4cbfa460efdab90c7ad5b8c20c2012e,270
1ba0fc99a49d67b7e697a86e2ec9a8a0cd1f1f98,323
541fa72354cfa8e8db91892e97c2118441157b04,324
0c899489c62505432134b62462de10efcd47d4ab,322
69d8a1667504d16879f26de44d3e64befebd944c,325
a44de3a68dfc42ba2e4f0a08634fe7c2e26e6313,326
e0945bd747885909c52bde5fefcc5fd0af95f170,329
3f9fd4667f63c91d89af4a8fe31fa9f5da59cad7,332
77d8b8c4d490bc04411a9c76f8d8b454722f437a,331
1f24718586af7749f3366e9f3dc6410503665c24,317
7ea412fc1cc9373898a0653f33666a5de106facf,330
ba513f5329cd1c7cb7459bd4300e17c1144d75fc,336
15199665621cc78b4f26e348236aed546bf5645a,337
7a643a1a95a2847299da0ef6b2a41d6d930a2239,335
71f8672344be227eb2c557664802c7aa69ab3d8b,338
0fd2e197e62d54090c591584b3a392bf42fcc7d8,341
8f84341db2fdaedca985b73ba5cf3af48064733d,339
c4ca8e0822d5184f4aa91dbde41c070aaa291251,340
4fd6b76f3cf0298fd6fe66c1fdd1640937e2e1ed,343
013f178280846dbab8eddd25068bfbffb2c32798,344
415effbaced0e5211735b2afc824697fe6472be4,346
313d410641e0d3df9951e94cdb7fa4c65e2ad71b,349
8a8d899cdb0fb73e7c3da5248afc95f362946fd4,348
b8eda72f4c02f7bc04c5090c13a5ea94c78230af,351
6b43ce4c6037ea9707b3f7def063328d39885ca9,355
e359a87218132c8c99f7b49d9b6da8b1221e216f,356
81aeca3a7f97d5a76234e181a39492d614c18ab6,334
786686393929a4aa7852e33023e8bff683aefbd1,347
f3c149c6b44053ba769381723ca1c1359f3e66c7,361
727401ebe2b1673f3c6f7c370638b7f9e5d25795,360
f42965c65f0d523e8e4203d588913434a13fc326,364
158efa1edbebfa91b04af4c5e7a9c01b072a2c48,363
a0c372d79b6f1d08809e173539b621f70c123ed6,252
61ce059a60d99d657820e4bb5500b730289bbd3c,367
1de8cb9ca75342f996b6e92a8a81d256128d6ce1,365
ea44cb8474ef30e18a7076cd06d7cef2d0ac5a88,368
61f79b049aa81c001508b799dc79605c4ddb41fd,369
f872dc2e1ffe6dcdc7124314b2bd69cd82437831,370
808a8b7eea0bcd6122087c112b01ac904f702ed6,374
1c7449a9adaf6b0e9ad7800284a696d22bef8583,378
d31d2ee613acb216ff678d6283143f3fd6a2382b,376
a5b71c535298b120b3f7af9eefd53c3f6b5ff1ed,383
ea944f908cb0e4fb9a3d5edcad0e4c55e431279d,384
88da73c7da02d31d50a5f79d5ca576ac3b3f2d4d,379
26cd8579515de208853ac4284eec2df957e7a79d,385
6826315fcbf7e4f19755dd99d322d7bbb7b7f0e6,387
4214be6c79923fd0f265dc8c3326286c65343424,380
4b0d87009a2948d746818a34d5f4e95232f98894,391
f819b227654940dd054a1e538cfbb53d48db87de,388
6b22603c427df7a2cbfa241ad54391b7861e4322,394
88b513406230521b0cb803e10a88c0a38e4e3818,357
da4832c730c6780fa0d452f90aaac066540b5a80,398
d5afefc09017440b96a0363daf2254aa31612502,399
905d6091844b4563a093a6680450ce2796ee9913,392
01844d3e79bd7bef58b7fe7570104de97bafe3bc,402
52963116ee1675ab8be003940c14e043fdcf9900,401
1bc35896af1b77c246032e51f7c059c9a701ed46,403
07e76c01e0f367baf96140f8ecdfa3363214a687,400
3c3ab71af6ed2160ec6f72733ae1e3ff4c31f349,404
7d1dd593bab0172a981b7f8618960dc105ffdae1,406
f79ef5cc022b81e024eac68927eff83f9f25355d,409
3c945faa4765c25a2c80f0322a060a8170350722,405
1283b89be0ca8b9ad769c1e7a05abc7322273da6,417
95b13ff45f17dc2366a07fd4a3d6f0b153a9123b,415
fa83059c53bcae983cb110c2ddb25ade3891d8aa,416
b1f6a52b30a4ffbc8027755cbc6dc6d311fcdda2,419
937e605ee94141ac85b291ddc5afa28e620eb93a,420
b08ee376fffc5804bf89282fb543a2ad5accdf35,422
c3225a3b4a4a433a778ca1c98f39c0c951c83089,413
38eb1b5d2af044a6844e802c41013c118c5087bf,414
b1b704a178b8b9b8f23041dcb8c33abf11bbc5d4,424
3a98248846ce070777c5c72e063c93671b4ad9cd,396
75093ef10e6c37e49adc68acd504d99c8e34b9bd,426
d4ad8ba726a0d45a6ca5134b99980b041f0249f9,430
d3fae9269996312b749f2704ef64bf7a4e1364f4,432
18b6fba750dac941fdbbb81f393afd0fb4b7d8bf,431
4713ddccd985e180250ba71cd78622b22dbf4824,433
e4cb91247a3fb407c4c50070d10f0009c4c45eac,436
4de20eaff334d9fa74ed6094c45e0342728a0b46,435
3834f4cb1beaf07c70d597a8ea87c47a51d4cb26,438
39b16c6217dbe4e1cf2487b82f447459086d52a1,439
ad41350ee92ac2636d444c4c24efd7594f3098d1,441
ab4bc5e56cee39f8473393115f15335385a37dac,440
72dfa6d58a30643cbf3eaade68e3adc9a36a452d,442
3345e53a74ef69df3bdf801938e8b98e2b25b9ec,443
1ca9851c74116a9b6ce861b7b0473686557db1a1,444
f43d98c459ee8c07f3ac7dd0afbdcfb5e9654e75,446
fbe41c01542ebc5dc1a42a5b6acf7a4333743b4f,448
850e9856db6e1e96dace133fe1d3eb50f5cb1792,447
e18deb847331c0afa89d1f116f57277a7fd23066,450
91ff6e81150397499a8d215bd80cdab18192a5c7,451
b25dce0429e436e1294a9779b0065ffb69fca4df,452
7c88dc7480fc47cb5c63d22cb610a4782b66c0ff,425
354c3abfa0b13b43032d138c81dd6bb81330219f,455
cdf3c3329cc0bc0c0cf3bcfd41c92f969af93b52,427
1635d414e585d9c5b4ba8fec5c4073605ce81ea9,459
4ebd11adf216c5e9d54a22140288fe3dfd8c9f57,454
6c5db2a05a9acaa87f1103ce7bb171247fb5766e,464
e78dfecddddebf39a1fe394d4362019e98e101bd,465
af1e72012a290e98b60e0097553231337c66234f,466
c3a1b3b7e208f0ebdbfe62c058b32a484dac360b,468
bc3ca4cda1bf1d969a2b30b6e258050ca74845bf,470
2634faee1c379b94b3e154778ac14ca7150ed40f,471
8b1d49bf7835a2bccdba128d89a2ca3441707c3f,472
ee983eaf86823e8c569a37dce4b7f41473bbc7e7,473
6229e5b58796bc51af65420d4aaa2b70f636153b,461
7fc43c5f7315b7c288a16c300386ce89a231d466,477
b65e19d7e5d0355759775f959e1d0da4cfdb5c14,478
2e4ec4ad5fb3938e3ba333e9a079fec19cf4569f,479
a4bedb283573c7ea055a4d86ba1e4dc34ec74a6a,474
f485ef59ae986b7e98e14a8edb7bbbc4da6e5313,481
edfd77ead7ba3b7a2b8b7e050a575ff57eb683db,483
1fc6c9e43a28a59f37a55c9a95e3c3525ee7f17d,480
02e383d598f6a62b5000304e569cc896a79e813d,484
07ef066399b7ae11dc3823751b056ea6e9bfa7d4,488
173324e75fcb4be88bfb06e1918d22a2691e90a7,493
abeccf98099b29b6eecb8ae3434758c6d4ef80a5,494
99d0941bd139ab4a4043f85c0644f5e3b99d2358,490
0d7eecad3c62d9d9567d67fa20e0d1cd98d8a176,489
f7b22ce0ea804bcb8f6ad05e65a1999c95e787f5,496
b43d1fc809895228b0ca3d42c57095f7c0cedd36,495
e43a0ab70f4883e3105b206ccb668b24f12e5822,482
98f1366792497fa4e09ca779610788cbf2053560,504
e058fa1a25287860cc0e03cc40d727063f2735e2,502
75ad299e556c35d53b097793d8732f12a43d3b9d,501
911bbcb1cbe963268623f95b76cad450006be78b,505
6b7dac552e23f09535ea08b3f84613f1a7b747f4,508
0db7930008bb385153a065506aa90aaa1fe4a712,509
2f5def0f61f2a3e987392b50546cef399ed87448,476
a6b09b0af5d4ca8bc2c4b4669460f9e1d26f9d0b,510
b539dab3a8eb7c2e8a1f07196235f9f2cd6c2d5f,513
93ac52e8aa3d0b1c4ca2d55e89269d2d7b301266,514
3748b4841808a64966278ca55e179728bcacc604,515
aa2e6fa53e6a4462c088a335d0c72d92566afba2,517
7db5fc9fd3b381e50ee3cad2c25894a709457fc4,518
95d56c7fbf718b90b8831c75adebc4a76b0aee20,519
22a75f485a48ad2149a45f63b68e2bc6704d3a10,511
e0ebd75cfc6493b13dad478ee6c0ddbbdd53fb31,520
c0b7a45140e22733960cae1bc1bd016e940cff7b,521
b5f01c3c64faa7b6c6a79cbb75fe25b0dc9c2b28,528
0e3323c055daefc34827ec2b85bb2daa15918e21,526
22be5396912d7ac38244661b3a7aabb502c7fb10,529
95828ac7afb656f71dd78f6cfe5fc9bfdf321558,532
7f9a36899330659108e9779f312b77f6d56da416,530
94f1bf3e4087c0b80345ec7bc95252901f92a9d4,533
f74b606611013e61ad67f714cf60ce1d830c447a,535
788bbf0e37aada16f649f00a8c3dba52a329e563,537
1ef1a927736632f8964ab6d97d30aa8665f924b2,534
729cb64d9389084244e8e069c6ba789a11b992a8,538
5b9e0b6a8e8b8fc8d595382c57b7f04ce2c14237,539
3333fedec1d01495ab44785e504633b30cec1064,540
d1e5a548a4d02008efc957881507e842df25145f,543
0ba6be119ee47c2f187f7681e2ede603c43e129e,541
116cb84f65cedf7875f69609d91418eacaca206c,544
43fbbcf5c7f04d42c5f2791c7feb91201c33f671,542
220a152e1de46989d7fd0a7ec2a8783692b189d3,546
8b5fbbf18969496051d2ed4999c7c291121d95bc,545
2367160db6791dce2e8a77881d8acc8055279943,548
62c0ec8152f738619fa9c9cd5507d57ce8ad0528,550
064dc386bc5c8e87ea1c115fd5f81287197b1782,551
342b0de01d4dfcfc97f0f71bf4e711bdd0be6edc,555
a51e8526d30521cbdc29c484ffd080fb0c9656b2,553
0ba72cb9d6ebbaba732e6caa1f78c04e464888f8,557
b7c29ad5a33dff144ab646ed204170af669dca3b,566
4bc88564912991cadad36f9b909f2571a736ca52,567
6ad8f294938a37dd80bfc0fdc60cc05f0e3e5f5f,562
05570ea17220d69a84ddc1cc752febb0dc9f140a,560
6ad2eebb66f4167cae2fcb363f8655de2589f743,572
4f6d89e390e2bdba41ce70fddd67832448ceb6ff,571
2a66dd1a5ba7f70b680f77886114272be63c89c4,576
0df3642c7436e1ae61e6ff00b887e9415c3c5176,579
3dc59e12a3d81c9447b2506061e13ab1054dd429,573
bcbec19a4c8a9602a1c70d4dce9ff7b0ceeefd31,578
0598a38233010b9f603de8cb2ba9ac249bcdea78,587
c68543623ec1d042708a417e34c4e8ad9690853d,589
001b36724d769e844a53b22e3833a23caed3dc68,591
e222dedd2bae6cc379c712cb9ba752cd5f6dee64,593
ee3dc325df2fb737bc0af13bbdd9927a9360e59a,596
03ad11d7147a56d72f25e3fe179d3816dd306978,598
3c5de4c12a2ddb8a8cc1fadf8ba300e10b921fb7,599
311839d0dfc8a19f9c31279fd04824d052d3cb1b,588
e561b7e9a5d0f87a4785e6b3b10a714c06c6b81e,602
98366daa78740eb042e0c941eda3f46705827f0e,603
3e27e5d284d5eba391f8cff5a69c3f32f731c6e7,605
be44411c1eedc8bd403b506b1a22ed2871c678ce,595
c007f476bd0af4fe055d93dc8c36f861be35d621,608
24b84b426f2eb1bfb541a27f5b906d50c71364fe,581
50f5a07f7a84f70f86320f514eeea4204bde1212,606
68c20a8d58dc7f184ddf8c071442b3abfcbf44b4,610
3edaab5526a01ce095004fa3176d8a28dd192753,612
bb9b92207cb8db98d54f290adc47bf69702985af,613
4c8975edad9ad07ad9847be9c7fc7da638286af0,614
e290841a60c60ba99df58b1b72e9988ca0d93960,615
1f0e3e9ee57b13e267ccaf329922cb07af598edd,600
f8cf0ed8bb4cf879319fcdb46486aca1a0469ad7,618
fa0e7f8dd6c322340ecc5ae5ec3159daa5a991d9,611
31fa847f3fe14073ef06c4f24ddbb2d551ffe783,631
b090e612a0bd8359b4f1c9dff8426237c3f706e7,628
c7a7b14bc4bfe669c3504cd55d6444ae41c31fef,633
d0823143ca77890e2fe866b19ae99d44e590f084,630
de2a53b63fceaafa31a87c74a00df9d4aef8cfbf,632
35c5952ade854f7906c35e68f53275a9633ef147,635
4fff9ab8dfe548cb5670caf0f6620092ebf7402b,626
fd00d95a456e54e4f4fe7b0b21a1907b416ffb6d,638
d544a6858148bfc29f90a2362056bfad676b5279,640
9456aacd72fb5c7437b61a7b25f54f0d77d25e95,646
7bcc966ac5f0cabe8b0326d569ee6fbdf20a9962,642
534b800c8e445659a9d10ec72b755c75bf9619ff,647
5cd60a8e8562565fa503d955b67bf85d8285b776,653
70c4c8b4190c135b102af940639eabbbefa420af,654
6c1168971223144f788eba3426200d29d9e5e2f9,655
895adfc000452c57fbc419b296ba8e40dc8e223f,657
2f2b5092eb9eb1e60ca3c8f7d901ae2398b4ab01,649
c53c415a4b2e38cb75c81b0c1a836832d2827360,659
322d59db7910a769aebd69b499efe6cccd70a2b1,663
23d38c71ee2f98303134421faf465f1e78e6554f,664
ab4c2997c627d11b033ba88412faaaabd1eacaf3,651
b30860e43daddd2846c5230cc41095a712afc919,666
bbe1d69b1d3d1597c5baaefa7831c59bf9651d79,671
fcf786f74dae606c80b89d1a4937989b358af751,672
2226aeffc5e5b35ea330a637b19cb90a37ef5cc8,677
a464163aabedd0290cb95b5acccc0b4fbdad0b71,658
fbeedaa5a73496033c9b66dce2e06629610adb1f,623
a383cc96454b02cfdb221522b5219889ada8e557,680
9dac611a42de58383e3b9c53d008834cc5a973a4,679
13d2c587d79da1aa79d20855bd61c9e51e6ea8e0,681
1dac4e42bede102c711d3c6e119cf842a5e9cb24,683
4b94491d734c9f0928ab82663ca642d07e35f10f,687
ff700be6da15439bee16484c01208b306baadcd4,686
974733ef24d18c766438b99857ec3f2bc0036869,684
0e451a5069e4227e3e7212f16c5da7d50cbb2d46,690
eabaf30d0ba38e9dead26b0b7c80eb76da32ac96,691
d0fbb15cc03149e56e195e2dc7148515554722ce,682
b28560c2d63f32d065042ba44826937e70478a1e,641
2129f76c1eefde9aea21a9a2fc4aee222575d407,694
3c6f701a9c368991ee4377b04056748f5f582ca5,Issue 624
3c6f701a9c368991ee4377b04056748f5f582ca5,693
6ab54ea68266feceb7a272b43730ea065ca7d7dc,696
6f828184f066d3f82fba757ea767e68eaca35e41,699
e3c14ada792b0f86ed2fff62668cf8dff0972194,702
8f70f242413766f9a97c6b1118c749fa242ea749,701
fe9d31efe338c5decf6e6e1fc8e59cd885817b8b,700
e2548de7436ba877ef1f6100510d54ed59a4e0f3,708
10a9fc57051777ca3aa04447f144dca98ff79930,709
130658ad494e4b4257e6d6da134a57f693775d5e,710
eeea9ccaef3b255adb3efe03a39251f95e58b560,711
b7bb6f2c52e27b4da0910923037ad2ad89852979,713
f5a8f12d5b85f3a8d5d5ee29720d11c272584a6a,703
d7849eeffb385cc7040d63cce4d53ba4bec2e13a,717
fb6304a81054c07cdeaf40401f6c2d8bb5d33619,720
a28b0acb4f9a5347d4fafe17fa3fbe9098a7fb22,723
9268ea7e0b9c730a78b6089c047c5089fa4bcbf1,725
b5f1b0df68f6e737dc6d050302d6d6222be52a23,719
0ea984e8da64463f91de0abd1d9617173baa2cef,726
a77f7598e848569daba6a02a5c0062efd6d1cdcd,730
71cad4e7e2a2212e0348224be5460b86e698d012,734
458ea59c294af5c919021a5d91589d680d45c3fd,692
f5960c0483f44b1a4f9f4e566c4e4b8c6e10f605,736
ac8cc1dd6dfb19240c4dd10bc70f4047b829996c,735
784c893fbcda767a3aa81603171c3f5463154d63,740
79d3f00b954ee8535c48679ce1500582a00a9905,739
135e0f10ef786d2ed1a8783b33a8e7a884c7117c,744
75716e44765321d2459788b83ee1a95d0fd429a7,738
1026b2e7f6a2befb9338c3e36d98a84be1822eaf,746
43db707123e42d29645f0c874f63ab855bc4ca43,743
b6c4f99c6034b4b033c0925c7a50b5b613c095d9,748
5f4552edbe962f1a41303fa76c944e7ffd8fb74e,737
5f4552edbe962f1a41303fa76c944e7ffd8fb74e,749
07d2095ff50ea1500b76ea79527f71eebe912336,747
04f6b49f8382596a06aec03520f45bcc1c2405d0,750
f3985070d46faff9243eeb3be0790229fc48c4f5,752
ab06f954e38545e8bbb7fcfaaf4e82cee1e9d2f2,755
f096d17b5ea253a46163b010f0939bdc91630b35,753
7d8a40b8b2f221fdeeef8857b1af81bc0377685b,759
dddd3a6da0c5d77d5641aeedf9ed462b4f7f7983,758
d58a3db46eb8c9a68dc8115652389f6ad5457d92,760
7e85d8ac3ec380d8b6e0039051b5e41782f5c898,761
4ebd394d7c23d50dcdf8ef3b93d569cbdf6e6f97,2
1011196b46a14e8c039f0ba8d47132a882c803d9,1
3284978cbbd95aebe9470a2fdf919aab59efffe5,3
cacb8f4c9cbc69b0844da099cd32ce60d9806342,4
35db2619fd2341e01d4e83d25f54bc05c66adea2,5
3dad968916eb63832925a070c13691fdce57db21,6
bed1b7f77af5c900568da979f2a59503d9535803,7
b37408d9cf861cf42b1ff87e9cc6b77d760a5320,8
e3ebbb3bccf0d8cb4507b8efb73fa9c898a318f7,10
db3e8c0ee91b35cc76b8f5d2d1ea1288c16d3bab,11
d248ae25777b7511676427e2427738b727e2f13d,13
c5a9d2176781ca42cc223996d4551100958c249c,87
efba6ae8d29fb2798b78ececd6bdd16f8074eff6,89
a49941b40730cebc65dd73af6c65401e0a9fc06b,90
4f678d757065d2c38718db2a4be8dfea5448921c,92
153f6ac57fc127a633f33a407ea6a9bf11d32d57,91
0f42c26dc48ba2a8ef83f0864de39d6aa5610f56,96
fa351cf5ff1b6bd3deb7c441b311e8060e9189d4,98
4b08cd8b88407fde9143e988b513218fe6af42c1,97
59ce41fd698cd860793211076df9b2590ee16640,94
b56015a78827b15ef4767d80ff9fc1745ea116a6,93
8a3743c53aecf9e334dcba936ffd97bfa49291c2,99
d5ccfda3574599c3ae63f458148e8eb7b05a0a91,100
6f44d2ec569602fdeb1e9f1be8c8b2906c046ac8,101
5b55a462e7f4d725a129c0459399bca3a9598360,104
d880b2a5e1b85e2ac89e6ed53ac27e33a81143d1,9
6f0a13db0c857b927e6acf6e19d1eb638944b0c3,102
e1cb5e730d07f09c44eb387d0128e91b169dcec1,108
88fef8217085e78de48dfb58d87f9d8429cfc506,110
38faa5d285cb77c87e3417c52ad2c8d628a3de7b,111
c44eb12b5a097aeaa99a73e5d7275f3bda450282,113
d70bd414086873ec6f9b47f15d254a00a48a36fa,112
821565623b7cf4265c620c21aa1b51d8c8184e99,115
35feb8760c345b2d95bd0226231285c21146f3f3,118
e7fb7f0541cfc016c5ecd0653475397ef751a078,116
b2b0b9fb63950b9b78f26875adea16fd7d7c1aab,114
6e9d0d8cd36e192d69062f9f3b9cf37d08f3faa0,117
08da141f3cd0167c1f48833fc228aa9f55ca1a12,120
43511004623283866b3f63f83c5dbef4c6b74b70,121
cf642e6b8c5ebe0203f2972cc41994ba3698239c,130
98e32d05f5b031634ed7cdf66380928da83cdb66,131
800c860427197c5988ea3448c98fc35f38a9793d,141
e2e840bfe45fa1ac1978cc25e1fa06f4bf884f23,123
34f906acdec2a574823fd330900e81cc91612fe1,144
094107141be82481626ffdc390058bf3db76f32a,143
a5d1530bc6ff1cf2b42a12c3c95d5c9711d7a954,140
0ceab0a2ef7413e9cc203f89918df70da25f0fe6,160
bcd3b6751965b1458e1d8d6bcbcd12871f06ea45,161
8a751afa29913d2208219b4f3c6c7c6742821c9e,163
0651f0354bfc06f97a8d9908189f508eb01a80b5,162
3823d55b1fed5172cd3172d772584f31961378ed,169
3491cd2a7cd24c8eac448bebd073bdee15d46958,165
c44a5c5b34aa0154ad4cd25f65026237d6bcb531,170
c67c5a45ddf42b40e96515f7e904127fe5fd2d6a,173
805fa477fbbb59b3258ece9a922c900c27270b6d,171
297678c668a3471ade73c0a276718ae22ea65a9c,176
6a286ade66cbeb23fa5881448599f9f631930fd9,177
f5faed8fda6da8ae87b5e30979886df09698273c,178
c4ba2d1bf1f20cd1d5385a929881a35c786bbade,180
d153091dded1e143af2ebc1369e70a85b56cea5a,181
26a0ace5a073337cb72c44ac90b72f0a53c2c064,186
9d95180f4fd9f2de1318181636ce8e76cabd14ce,187
7dbe5e26d1974c852390d9d3332cbc3faa09941d,191
fc63bb3f4e457a6f6a16d02659e7562955fbbff7,195
3565ab2e89ad98080fc18f80a2e20c84de112632,197
5bce4637dbbd38f3c5bd7a2d519f73fa0303aa0b,200
422880f516744c0de71149120f088526671a9752,212
8f46248963b49d215bf898268d8624eba21b5a26,220
09eb5b0f90b8c6ce797d5dd77c6bc36a3be25eaf,202
d7a67d8d16ee26dbd9d859580bd91475d7959385,214
30a2aad025112a5027c6ad57d020ab1096c59250,227
8245c7eb21534d13712153c70b7e612ba2273099,234
9c75451648f50d755ccf439650d07c8b1ca5c342,233
8fbdd2b91586e2a097b4b1a1e86560878c19d029,237
37b8387f92f449ff61393f8995a99c0f694f7a33,238
d247e88f3f756abad4bd16b47cf8cde187aafabc,240
5d5a769d74952acf82b4be237e1385f8262e4ce4,241
db7ed11b1fac8a991997fd03027acee59ce1f5df,245
602bf1da61d0b4a133890e53383643e51a656d33,247
c294fdf0af3ae32aa8368cd5928790c575f1dae0,252
89f56c14d21d84133f5712c8ab6d12d963a34e56,256
5a75d18fba9c32d126202358197a5a2f0ff490f6,251
f6dd5855b7784440a75adee14f335c7f473091dc,266
8fa8c104658a3b71210b38af1414d32fd16a3df4,268
7d7a498c37f636589965ad2a584c2b90afbd8a0d,271
19c2c74398e5d781be15636b9e1d94d4c7dbce1e,273
240f3d92b2fac977c07988b5e3656727130b6330,269
34717a5bd7090469bec2c6170b94f51622965cfa,236
e0b62c828dd19ebcc7cd21fae0e5467f5bd8a61a,297
61f2e908c3a43f1945d8ba70bbb9383e8248b6be,301
27d1e559f6ec6a4f97fd27d08b3b92bf8196c808,303
2a7056e5f92a301d485ba8af15fd003279f05523,304
3d8386e4a15777331910ad6ebd8c450d8d1009c5,315
349dab5f1ca44449b033e3ce7e95be95158869bf,239
1e5ae90f4bfaf82eae870abdf50c1a2c8e8f3e59,328
931907b3fb86e04441c002ba6b99e704c953ab7a,26
931907b3fb86e04441c002ba6b99e704c953ab7a,332
d7801778b6034bc828a62fbf12374c32cfb11645,333
734b46e7eb555cbae4e993d98efdc8e47a54ca39,334
81df31c99a2d2dbddfc574db3206e93a73c99ac9,345
7deef51ba91606bda7627f688841a54d39c7e5f9,360
7deef51ba91606bda7627f688841a54d39c7e5f9,363
b2af0c9dc03e9cfe14f1ec31ebac053e0acb5306,369
06ad206da01d5eb9fe9a101dfedb5b28e2dd140f,364
acc95f70f855b434cbc719c1533cd0ab64380a74,371
bff6d5379240c82afa249c347c76657205e16f82,355
3ca9dc52cca8cff2907ec3666bdcace930b8c5c0,373
51cac3166e3f4413c5b044229f9e10744a0b9651,375
a6d481b0c7750b833f0d7520f447db8b5a4fd419,376
2a85788ae1d465bfcd9c1fd6de9e15edbbbe9754,377
dc361f33bda626d07652fdc61f97b369b9a89e86,384
85e66fcdf46b5ebc6252a8abcf9542602c3ea742,382
a62eb78b5cc6fa7807e83e41431a68e49be07d57,386
2f6556d6464d7cbc6aed7ab26d48d7ce6adfde9f,389
dad0b090d2063f1d2c2b3146914ed296dc5efa63,393
cd5c0920c018d32e6824f88e7308ef8fc87aef4a,394
bb5967c957b470aaa3d6972c4ec64b020492dc9c,395
8fedcf3e1a09f02d69e7dda7c5a9b115e83b7fc9,400
5ad3eab7194513e3b0f37622b352df072e1a6f89,405
e35135162b8bfa2fcbb5eb376603212ef6f98c76,362
cf22cf1b88af8b62e07b83b4325d171a1e4c806a,407
9e8f007038a86132f72a94889d805be2a14addf2,402
93ef59dd91acea5069e9131fa273870c9f43a690,406
545bcd04e7736907c35cabecf6021bccae9eb26d,412
aa91e71be360f89a8bf3e1b42ed5a3b12df34633,411
16b1fa66e2322d5469d8642d6ce3dbae465e480d,418
0f508b4e06a31381b8e9d8cdba82f90bccd3c922,415
248879f9b68eb4a43a73281364bd8b33643d085e,421
12f1e3cc2a6d32f3b2226066a2f2aa840fa7963a,420
1f0311ba6d441d5fea1bb832376558107ef05d28,426
86e68cfbe36244be6dd36c4513725b834f325f69,409
f8ce6cab820dff740cddbfd36ebce1e68c879e79,443
d5516417cbb35fddd608bae3e5973dba346737f6,444
a0429b5176978bc3f563a97559dd8ba69f0bcca4,447
5d99ee2cd8ab593bc5ddca4717cb45b30897045f,450
ce10ebabe7e1449717476d842418848b621abb22,455
8f66562199a6ab09485a775de9bfc1faec2903f1,457
f8a10f964092dccfe233ff3bc390090cbc35b5dd,460
55cd8cdbaed5c27ed28f1d0ca306403a327043bb,448
c8d801177c4074f2db05fa9646f1e8fd0e4280b0,463
ad856412904bd17ec30cdcd6f5dba3ffd35ca358,451
09e3c0f0eb4b9b58477c3e3e5c34a1ebcd4c2cd9,468
694558015aaef25aef9809566a74b20844d6a73e,456
7d5ac78590bd65e3a9200a9462935c3a5bd6904e,477
fdccb30040bfdf125bb6f79ad18e8d17d770b4e1,485
f855f35ad60a01b915bf57c43250c7c399ac58bc,486
b878e0cf4fc08d4690a040b302cb1905bfe92382,490
a433bf26a746569550f6cdc47611197548d5459e,491
147bcf49d63136d0abffbb860355ba0b347874e8,493
7db47492489b83bd9046ff5a1fdc51fa0ed467ea,497
f4b0f48e721c61cfed506346d09d83a0102dd11b,473
a16eeee595080e410ece5e31c37eac3735e6c1ff,504
b1fa2960667672c4a72893071c2e9d5fa53c99b5,511
48a4c342581240da267cb9625174be4c0bef4593,510
96d14414c66508c0d0fbb104dad4422ded575350,519
e78da1b7b863c4455c0c3c36601b8a39e8615277,518
fd912c48248cac10c21a559314cc595ac7c077d5,522
9173f706d34656881326850a0169279e0a2e560f,524
ab1cfd2e024702c7d981d33dea3df44799b45779,525
dceab1b336cebf470f9a380ff669eecc086925ab,526
ccc4df337e1cdcc9c8ad498824fece1853436bc1,527
0c4e7afad7df9c3bd574ff17c607f1e7a93216cc,538
57dc5730bc046b874f0bb936159f93dd1f30ac6f,539
7fea02fe908b224874763366434c7e05f66958f6,517
0370139dc01ad442a9fc2edad63764a2e6156901,541
4d149723e0efc1811e2c9f2ec667f964ec6d34f9,543
e111e32cf25f8b6d3573ffbf2b0585ec5d84adcb,550
632c90603f13f60a0e537a106f71fb1e5563d355,494
4499f850afa38e598630719e20ae0cb6a8898472,549
8495094f373262352be6c509095dac4424c9fe6b,554
866dd9460ed4b26054d86b23ecdfe84cd52c30d4,540
44d73cf87d119c47f28fef81b66096adee57bc4e,559
affc1e681732fd5beacb19f4b88b89918c0f1917,567
b12671692f472e9be9fd722a68339c1365048f79,564
ab69a5f5bde3d27f7b9db61ea09c1b330e64dea6,575
a1422793b4a3c75f4b5a7402004d53d9ea0e1148,551
c99e264a97f5924421618c22b6ba5107e543c365,306
f5743e9d7d6f0aafc77b76cfdd4835129e565a45,544
e2d8a1ff7ebf5a26a22aa09a816bd87dea71b661,585
29c04d2c9fbbf3b6975d8e76d2abd62097db285b,586
4eff800cff92a70e48ae2956b50a72b358575150,569
4eff800cff92a70e48ae2956b50a72b358575150,592
83bfd8f79a1f8aae5d0b50ae90127c2990a8acc6,594
9703f1f407504bd075650dd2bf12bb93e8ffd5bf,596
69713225ced98ac0f613967e6de654904d1ab785,598
bcb4cde0481aa57f0a9b46a41f78ff6353def459,604
8de423186793e216ef80fb896489195fb6e94202,611
08128f8223f9fd2332ad3268ba586c8960c50628,621
15780e47aad87bb19eb6fc43452802c9368024d8,625
329866f6a5e3d6117f4910cfe2e044f80d3e30cb,630
eb038ecb4877981ad1b17a7f6830868c0041aa11,636
70bc33bdb675fafa945077963ba7963c09d0ba32,647
f81ef6012d0bd9643f6ab47e06ccf21d542a956b,650
60ec71141cd7dc459444a3f220c7a7286a224b14,665
5265970eb9c8a87fabf46a49f0c85e3d61b20476,666
0929ca3fd0d90ce3aeca414952cb9e88021f4fb0,674
14dcb31ddfd987f21d44f40797fb72c8baed1d39,678
2211408b8360f8bbe0f7bc01cfc4517c6b60de20,679
3294a017a08b2ed7a871fce679ee60200bab5691,689
2ca3686ec7b7878c860a9c69ab86df9946c9e390,707
0dc06faa13d365051b3c8eac320f968d4985160a,716
3b16f0ed455cf6c1bc29d555b9bc480cf20b5e93,699
61932d93e7e1232243d836013c781c83623e5603,713
cff474e7455ce249fca50062fd6c3e174fbca219,721
c55e574aad401e31fac8c28fe37a8688e459ebc1,723
cc60ca081307c6c0415392f5ed50b55b71ce1f4b,733
9dc164ac7c4c0f94e31fa06b45c0323764671d42,732
29ee905755d84cbd1f9952b9c16c2531f2e2a9df,734
8efa118c917f06680ecd2ea4e07603b8f929db78,739
ca4318f9a7786f0b988f396f4fd0dffa599d1a14,731
25c3351c0fdafa4fbc6b42221d9ea8df14d0fef3,760
8afa87f45f12e958a6447ad7fec291b7683b2301,763
0b54cb70fae40b2fef5dc516445287133961f302,765
716926b85f4849f054ea2dce7a30186e16c89e8e,773
12a374522b0713b82889acb1b055cc97661bc2a3,779
741215f32a3c2cf18cd30dd0cc18fefae33f687e,714
b4b78f6b35e59daa41e239bf242b2868cba76c38,742
1b66d4dfbf84c6df8358d07b125002cbf15060ae,792
8fec4df8bd0541eccc374dcf9b03698564b4292c,796
1666bee9bb9686637b3533505a7ad8bdf723e727,817
6b0336d159c1643d967244f0047b44d42a0221b6,818
c1527e0c7f41f5baeaefe26fd9b100ad8c00b891,819
1c1f8f94ac62e1eb10cdbf6db67ebf532922c6f3,822
68dbc2183e466a1f347d159b99106a4b504f6e04,827
660d877e9ac9b641a022b44d3338f73fe2dabf2f,834
fdbb85661bdba71c3497e0f8bf38f3aa4ff2f4a9,866
e8365bba80d734dc3f9ec6bb0fd16890a3f151a4,868
ff0d8fd91534a65f236545955b72390c166ac679,843
5556c469206e5a827a490624c17924dd138c34b7,899
5556c469206e5a827a490624c17924dd138c34b7,904
a63543ee56d67f3cee869f4df2fd8e899c5c706b,905
6dfc99911743a633b5edbac09a8c5fe5e5e9f980,893
cddac69c9840fb7217e7ea6ac0f52ca1933410dd,906
d1e84d81327dd9d80d1cfd66b92a47a8599322d9,907
df32e168dc395355f8cb5a85305a5aa29d0fca40,910
d40392b8f9d946b0482711f6c6f74d6a5c8e8c69,918
9a96ad3eee7b38d6db907a97513009e04f967825,920
48bd2bd8b1efb07339fa71d28d70390c93866731,927
9d899fb9fc1643210b85b64cce727b1b8319c416,926
09cec64f3c2b52c1fefd7ff4ffbca2a8104d0b81,936
0a620d9f937fb7013d515ac864fe001869712743,968
6f8b7aaee8b99567b402efa35b5ade48b17b2cc3,973
18fbdbf43f0229235669a7e06ccfe69ec920ecfd,949
c616362ae7cea9fe2f27e81374fad2d632d2130a,900
2cf4523097c44f5b4e0c6babf8022359a5d94e8a,982
ccea2f60abf35d9d0e3730e5c44d46dd750134cc,994
44048161314453a09faa402f72c6f8cb088c6f3c,997
564f833ecfbf602c8900137c9f8f471a5fe58efa,1001
c87b7cd36c95afaf968863afd603b40ec51152ca,1007
b4c94a3993f289dba278ecfaffd79b08463d3d74,1003
dde6f4651fdd257c6c8d18c125b04426eb0a92ed,1016
72e38b5b5eb1658c0e70a94716832b533ad886de,1030
76f3120010649a68686f10f50a4e35c42e8cd19e,1027
877dade8fa1be517089d1b563f38bac1f3bab092,1028
fc09b100054dd827b2e02a27920f98e240d0b1c5,1037
72639b7eae578dc68a5073a2c3f43e4c7f7cb807,1042
8a03b7190cb425917e414299da46d6af2a9ab021,1041
084729f0767872e74c3596556ae3840dce068d35,1036
f5de0e806626896e16a686f89091e49f002a3ef1,1046
477cdec2701d79b6b3dc55f31e6cce5c079c68f6,1045
cd8c864a2c47cf97949bd866003bf92d8c9c2f46,1064
a41fa7adec36d6321dee8e4510d532cd96379210,1068
44ce8eb05162ead54153727180a9cd47d195f9df,1062
c3b9a2ad2c24dbb48bd73a5267f4515643575d92,1047
95bde5ff25a22321ed7be24b79a36366abd7b297,1049
95bde5ff25a22321ed7be24b79a36366abd7b297,1073
d0aaf62777ceb0390f460fb7905fbdd9aa708bdc,1075
8774d40f23f8b1f47f80f1e843a8a561fda17c71,1074
00a4570d9fc281ff5784e0d20d696941dff1816c,1076
7d97fa4b7404d2d1678488c1bc164daedf76207e,1078
5ff2d1f754be58081e040fb2f71272de068de57a,1080
d9009ce4224c59070802340a858c7c073863e282,1077
fa83d90f1416fda0b767bd863e88e9c9b871597f,1082
a17596941b374c6f8b1aff3dc1bb4e24d0ca038d,1086
796f72c86d2284183ff9dc35dbc5d3538a782092,1087
4b8eb267854eb055ef2f7b16561ebbcd6cc69b2e,1088
c8e18b4b4bfc3738c4aad1ae31e26e899f1c2b8e,1094
34232b4c785dd3efbeb8888c3c313810a150af93,1095
ffb040f8118ee733fadcd1b7890a293f642d709f,1093
859960f2a449e10d40db757da8b32082fb1c0694,1101
f9c4d5ff03bcf04a17b0d3cd4d7042cb71d0b268,1100
950f55328d6f5b9660a65d32512fbf8bcb2d98da,1104
1af75954ee4a7b459e34719a920de475968158c9,1106
1280decb921ff5cfb05cca8508717a44bded80d8,1112
d512ba9b59435f460736745f962a7312741241d9,1116
0425cfd515c524e0781781c581dc728a25ef572e,1084
831c12dba1d7d1de21a6ffb47d4a312bf2827935,1123
86614abfb61f51477bb519c46535d077e1a8be12,1127
dd6ae6d90f91c20c7c5f712859cbf2e2f2bfa33c,1128
960beca13a6bbbfecf4377f0922d8692a2c89582,1130
39f53944f0264e155a300c9aa99ecf504e5c0c6d,1138
2a2ae5e6a66e6f371f4d0d1ebaae0d4c0ed9520d,1125
86b4405a14e9507a8a5e349c7ec1b05114d99a8d,1140
fd0467903b9306fe402b17b2befa01a012b6888d,1120
7b89eb72a797910997ba18b1788f127f5f47f7e8,1149
b0f696ed3218349ea1a02185a197aa32b9388ee6,1150
3b5579e82432d65a5bc77216aff32b8c69a69748,1151
8df80928cbb1ad77782b1ab1f0ab29f6a6e282f7,1154
ffa918a6c1493d8e9c8da1e9b7acbf54c150f474,1147
c287b454fd3a729123aeb0b47b7f8254e68cce91,1157
41d85ee9406d6a08419963eb19b7c8fb871a47df,1159
179f77754e18d02466dbd0839c289fb01054fffe,1160
ff301625623e5b1906f3d7e38f9439f8855f01ba,1163
327ce924ce76303b1dc776474c0efeeca02400f6,1166
8c60f42289bfd9bc35a9b4e7cc4dc3191db9e967,1172
a5105d3686cb2e2b88a54e94d411e9d42a785f64,1167
35a5cfc77cca701d679c1dccf91000ad3604a01c,1168
b7df051fdb1089814ba2009095ad9fb122d0ec03,1182
1ccea99dae2647be2b08b29f8af0ec35c4c2ba6c,1183
a0b662b3e7b6c5b6eeea7cf6c6610229c7c0452e,1145
61985081457fdd99b17c2c9367ae5f421381d5d6,1187
dda65675c5e8f116285022c2a16f976dce00b7a9,1156
51f968e65524ec25eac6b4f1f3cd5336b4a4f7cd,1190
8f2a14c2176f5a4bd6e4d3c8e7d098a28160d26d,1191
b6370778d9b4772893d08461a9d4524401d62b32,1201
ff3e2994eab6094105971100108bc0d59c370991,1202
996f66aa5ff7e7c5d45a9d0e0b9b11220dd438f8,1208
b36733612287d9e8b3237e0120d8a5f19e28d836,1208
b36733612287d9e8b3237e0120d8a5f19e28d836,1209
a58a6a897703ab4485d2c4f7c5cb55fe77766b22,1217
85e7c87684f079ac2da9c8593a0855341b3a93f8,1214
2edaef13e6f30336b2432db748b3133e07784725,1213
9d658bd6e73fb050f2d7c5edeba6bfd8ac519f6c,1231
99a531ac6dfa9bd1750869fe0aaa01767f1a1413,1221
8ccb756923accbda0d65809be2ec5631d8435fe4,1243
1c35193ba2c459e516a38ed36b95f29345eb659f,1246
a328e3ddf9d68fc471ee1e32d634abbc569b4165,1252
13a52432a9eb9cbfed3ffba8ac5615e4acc71230,1253
e29a5169b998976335b389d825d6a99a08d58654,1254
07b42a1fb971ad30990d6f0ba3d0242ccfcb9bd6,1274
3d740f800febb6eadf328c2d89d635f7b81067f0,1270
aeeb21552888db62a75dde6261944eadda40bd9b,1281
920d918455f425a8c501bdddb17b4f69c5f7ca2d,1284
67c955e1188024aa3c627af8e4af653596d24eb0,1272
8cd87b8b3135efea7f006bcaaf3cba7b7db478b8,1286
b73b720868a62880417f4d83ca5a53e532b404c6,1294
add80010a18ef6fe7b3f47ce1bfc6015aec222a8,478
add80010a18ef6fe7b3f47ce1bfc6015aec222a8,1176
5add066a76a42ec64dc3a82072a8beb743f8d96c,1295
5fde9d863d022ec5a4f9f6e3e992ed9515ffcc8c,1298
3c248043474362bc4be28b63973e8af04ab3e1ec,1301
1d34cce56b298de18277b8f5d7cfd85885c4cea3,1304
822515047863ab812424e6e620e9623ef7ce58e6,1299
d0fcf581bd92657aa3a4ac5bc7ade5d98f882b46,1233
320f05fcad9ac2e5360e649acf2cb49e56e731c8,1310
54c98c456b7afeba45c599cba8aae4134a97c81e,1317
6304b34a9ee729e2eaaacc49b435da55e045fa60,1316
3174511575ce656cd699fc7978d7c9a8ecd4353c,1322
6f385f1572f72432c4a7f85d85addd09955b0c86,1323
88e6d92f1cf8ead1c4c0b982e67b4a63902e00e6,1326
7f49f478ef9f5f90f421e5a0d5fa35023adce347,1333
b83bf2d662b84670ab20a6efbfb4b803fd3cef6b,1161
ddfdfa06c00ebf90f19553d6d65b1ebee2a1a9d4,1338
4cf5153a31539c52d9a5741b1f2e5ea1b4a5ada4,1362
f1a4b9ad8a795d954b0bf02fd41f12505474622f,1346
e89fbf0d51f165244f82e222ed7acd1d5bea9369,1364
1b6302d94b2e7c912a5acc380b764628894d8403,1370
9304876aaac487ccc85ead2a3d412484d1e8ef01,1371
d5737398a71ffe06ab649372c333bfe0ab088a5e,1369
953cd94378a5e1d608e912fb2296f1bca2ae2883,1381
54ed24f5ec5a9bf8ef8c911badc3ede746169094,1386
a896e46e3996421d10c76fc62ae0a58a9f925997,1392
897ec27256aa312cc872b52b261726684b29d42b,1394
d5dabea8698e24705b988a196064ae5a4b1a25d9,1400
1a272ef3782d6e88b6d36ebd648fb1882da0a530,1395
c2a5999d8de0bcdb172a2a2cc4dce77e7d4de18f,1402
d0cff029e8f37ab83c83096e71970409d30d438d,1385
a4af3d8b939355c17f28c1a32ae1b435001632b7,1300
fde6e295983b985b011f260821e5f7360421fbea,1444
b992d3c51850104eac20bf1626d9ddb3b69878d3,1425
2cb1958f10a43edd78a0629362a3d5ecee8149a7,1445
a6b7f7626e5c0a4e3854799cca9f97eeb519904e,1446
20ef4fb3d3a58975092a251f5441828bd6b62fe9,1454
768ee9b2edd673838ad8de07bf51487c9e71bf60,1461
fee7c9fca31e3e211f8cd81566c8e429d09aa7bd,1466
56c1d0676cd52d04ce5a0d4a7ee7845286534cc4,1465
a7171a18b869f7645c41692ec169ff3b71ccac14,1467
ac148d43acf816c8eb68717518d5011d39b6a4ba,1484
4dfaa9f560b9f59a92ffa84b442e0e0fac8fda5c,1498
960c7d443ce47cfa90352f1a861b4d15b3501577,1516
402d366d95716123db711237cd191f99d0f1453d,1512
82b27d313e2dc306034de4f1213cd1f5f20c3260,1448
066426b6462592fcdc4aaeea51f3d984302f7bbe,1520
9cc595730ee9c689c75ca1705b1097c20341d919,1562
57612a802ef10cdbd305785db9aa9e60da8f8a56,1560
aa269ba0f6d3d961cd2158ae84f344e93482c038,1568
0b8b1b6d35cf31dd595941fc2fad530bb162dc48,1571
3bd249af7d22897b271fb00d07236f2bf80379bc,1573
da749355d416da20e634e5c80073b92356b57e0e,1591
9c52c46d44d96ef362ae7dc08435ef6e313e0317,1606
8dde96a6fb180c64c7d3e45ca372e5e89d5978cf,1622
166d3c0e3f6ca9da135e18d909e7bc044c92052e,1634
845552330c524c9354cf948bac2e7dfee4d49c7b,1640
9ca56f7add6b660b86a5996fb9ee65c43b0690b6,1669
662171b00f676a06b8db90dd51fa910aecbcd492,1670
aa70b4a0441b230e80900ac0d2f8180db9bbd5dd,1671
d964c2450c6bacca59b565bac2fc0df7e1d940d9,1631
3c6ef086ced0e3a42fec3f5297f9698b2398edc1,1679
98804eeccfb503be6beb242c7b1d50623e650138,1685
721d5b30c704f7105b1a209bdf96d6084cd27246,1686
0dbfe1bf5539145a00cccc1d9677432110c52375,1651
9e9ec7403d6ca3bc78a2a14b49918f610a0b013e,1690
f6698168fb0fd16af127aa513c4223e5f2e141a5,1698
787813d2715696f09324fd777b5852727b7f62e1,1711
adfeade0773168de1ea49a6d5972efd5806167fb,1710
a1e8f2515cd14ade0715f89a25c8963c201685e9,1722
f61a6a538ba83e652f2ffc049f24567716ab92c7,138
f61a6a538ba83e652f2ffc049f24567716ab92c7,1740
01d65c383c5b88eea161291ca786df3ab94143c5,1745
fbd8b3c8e2e6a09475d75baa2b66f225594df10e,1751
096de4335a95f0b9b30c9ad1ff831275976d25b7,1784
3def90b3164d7641d6c0338a1e0faf6479c72725,1757
d307b6369671038f9aedefb5dc58d6393329d6ce,1794
2a7ca8e9d06838a13af4f730091d376c8e239823,1796
b99111fb6ce049c081dee5d634db5ff67f129536,1712
add3db81f43eb252931412dbb8b78cd7096a707d,1843
a2928fe1a604d152297d070fb398bd0883caa577,1846
4e790b37fcb91707cca6cf900ec48ef2b0c483e5,1855
22bdd7069edad77ec6cb0607416bc94be83b1b60,1863
78302b24d93b33b36614db0ae20161115f98421c,1873
31f38f4b5f305f27040a1238617e3ff9baab09f5,1879
e006f82867131045be8fb0fe14f513e0d77f4e7c,1880
67907d7c8360e188fb7639200b74f097e08ee727,1858
d41b04078d318193fe4216497f0782860af0dfb8,1882
2dea1dfc061fd8eee42c8accd25ca01d7062cc24,1884
1ffab1eced2fe08d978b49c32aea944631235705,1886
a493554dbfb0097f7f070d7ae72dc2804cffae28,1885
45f8033bace9c6b776ddc29346d625826e694449,1888
eedd07d4c68cb6633ee0a97a480ad37df6f06a9e,1889
6fc6e039aded553dc514c4b2e8326f67d977ac4a,1896
82ff2861b7d5baeea7b641c0db830e10e9f3df49,1890
1b4095a84b1b2dfa47db4fa7842667429170e33d,1853
8d1b9d4dba035193560ad84545e3ada70c73924c,1738
c1003fa54734bcdcccbc8029b53ccc49b489d591,1901
7822acd759d3fba3a523281d7d4a99a5f4ef2fa3,1907
3aff25337eee152ced779d026c10d043a3c8c9d7,1912
3bf877e7d6315a359e21daa8adb292e9faf7f492,1930
7e33a03174b1f80aadd5f4b3687a22322f80dc6a,1928
0292a9657532dad249fa0b8097a33218aab2ee32,1933
78fcdb8daa1244d7eb4beedac36954b98dcceb9d,1937
a1308edbea965908f87cd6ecb643cd6737b95d9d,1938
1a9ace72fa632342c275b42085061cd61b06d033,1940
d17b93d234bd01c8c9933143d2a01d8644717247,1947
ab7b2a08d695eeb25bfee8540118de5e51e8af51,1942
9c2a225c543085a04516cc4fc490919d5925ba87,4864
e72b13df03bc45c539aaa79a0de822daed054b1a,1944
d120f167b5b7447794e5e725fb1ac635d7362c2d,1952
3cf99c1ac59dcdc438f5f4124b627adb686f9756,1956
aafc629c550768213765e01166fae301728c1107,1962
97a0651d15d6506bfe0a15dd5e74f8a29568eca4,1908
450360764c299249b1e3b096863adffa591aaf7c,1965
1d9efcde371f3f4f8bc1697c81a4dd06cc0789d9,1967
c3fed4332d3d7e4e5619cd6726d5675e75dd8170,1981
64b49853e5a4c237c2a0eee5fd0b92c62d9db3ae,1980
5189290760273f297feecb4bfc000545828660dc,1989
dda59139401e64f775785391212cd03328694429,1998
1743a009db9b6b64e33146e1681731acc785a7cf,1986
4a6ba22a1e4b1cd43844f3953dcfe8146aaace48,2003
8c0916bd2221af232e521252e4cdebeb486268de,2017
9fd6300bf00f56d14ac01e49785c440db62e7b82,2016
4a0e04a9ed5eec1866b784e45531ca075f64afb1,2028
79db0c5cc8ec099cd03c1ac8e02832d87db6877a,2039
0c05983f2988b23155a7827b1dddc27247fa22cb,2040
389c2b357e118dc6c47d9d2e87e240b07b5ef706,2064
ddbd3ce2e688430cc505f909dda9e6c3a910d6ac,2063
3a4a1b41bd9211a85ee4c128a14d1d70440413ed,2067
ecf3a63476db49416d72792dac785f3098e5e0e4,2044
ecf3a63476db49416d72792dac785f3098e5e0e4,2066
60d66e50601ec82158433a6568cf6ed6b235e840,2071
375718050c98b9a8a647255748b67f1a838c4c11,2072
f9a0736070089a9e182a96afc9c0142d2b81e5f5,2073
d870fde993179dd9aa4e0a70be12612bd82e47d5,2080
cd6d6d18e15d8ccf02a7672eef41c337960e4a10,2083
718199f84f7b413825856f3676a30a61ac8f0e0e,2087
42b0e1b808d925a564a57b63e0f262a831948651,2086
955c1406e9ad498f1b30e8437d159e0f98966e91,1935
4e90f47373c19433a929a0fc741cf506a9c5fd96,2094
55158d06d44a561f898937c36fd8ca6022eeef0d,2103
d133e576496226d35fd9647b464053ffe0fe5d30,2112
df51353be18ca7f05626803be9a11ffa269e4015,2113
c0c2287accdaeb5aae5d8dad0704cc912c146824,2114
f94d68e2542f208f1c6019f61aebaa9d4a92ad52,2116
a9f9cd10b5a2c57b38e661d71e7cf444761cda08,2018
51ec4629f42abdf160a35a2f2fbe71dfb70a545e,2119
2c861270d3f58f589b957c415d92da8d523dce29,2132
3a4905616c881ab14c916f7264f52ddd8cbbbb90,2133
2724b832bdbb4076e6326956157f6f5444d15e3b,2134
5beac87535a90821639deff40c7443cea9cec4e3,2135
4fb360a2eb8a73e35219695230ece603ca9f1473,2137
67218c39e388664f941bf7820b0745bb0648c9ea,2145
4225a62c8e82e35f95e1df94a8b53028bc06ef35,2141
d61452d14ffa1c122fb7c86da9b650c0d5ded838,2123
90024b2a4f7071ab62399614f98e54abee9cdecc,2158
5d7f5466c5797232a4cf83aae9c2f9fc16046e89,2160
f072d1bdb332156c7d7defdf26340ec909ae25a9,2161
340a3a299a6a6a83619f3b46c2023d2bd47e888e,2162
18369c4c4bf1a2a5f7bea4537856d52328573383,2153
231df9fc34eafcfb1163640d79afb131a4567cae,2168
7f9fc86ed8f60f8496a391d722a889d79eb38604,2169
d3364646406a2319587456c4d29f2913e06f306e,2170
585876ea69790b70f7f0a0f629c4fafc03de0be6,2176
e47da735a08e4a0e65a2cf0c365d0b1b4efddc49,2177
e6a4bd71118e0f7b202c761dd208cfa38bd5683b,2189
47926e4ff15a11516afc0637a39351ec0675d61c,2192
f9ce68934d093f6ece1b382c656d4297e8e45ad8,2193
a206f434beda79e25b9e8efed63ba0121515fbb1,2173
e1dee7bd7eaf9e2dc5e367b8267ee22b51091287,2102
846a87324b4b21ee09299c42ed2f55f77a2831fa,2208
b65f951b816af0b3b0ba9f38499deae470bb4a69,2215
d664996326bb2b86274c02a5c60732caea80dd12,2216
4a5c47ecb2d3e7b248c1b10b8b3a1112942a4294,2214
5df931c08ec22bb0d01c8082e2339b80a17f4a30,2201
474c320cb13c8bd9356713faad10a39782a3af79,2219
a760f11ff2ec94d01881f133cece3e22a1f34ad7,2194
7249bd5165b557c3183e43f3df5e8023edf9d5f0,2224
8b4f48f2ce769dc9ccd80eaeff12231b7cd50dd0,2223
b4744ecf23102e7e2b3cbe010e045257f389b473,2222
5a471e11ea373d6edfc7c1401d424ef143ab58b1,2226
8742aaef690bdcfd935340805b6acdb291fe7ea6,2211
22fcf8dad0a8d4e505e6adb6803d5ed2fa61a14e,2234
c01e6b701eef6b2978a9199fd1d6231f01625d16,2242
78ee8e555168ae5d01ad8907e5c72cd15c6e49be,2243
557b07bd13310948ce60d55c0133ee9a2354d759,2241
9683c9789df7da8886c094974ec8c268cedd0174,2245
951467a971db3b7385ec112c4a6ee5043a4e453b,2185
9247b26cf2c8a869177f7b94f4c8a6ffaee2c921,2254
9158b243621f5d245059a5a8b7fc3809b82aa676,2198
769f29319829ef219e5c15b459a3f46ba88cd02a,2259
b0ab0575d2619b0627bedc8b6e01aa08a19c3e0d,2272
ff15cb3ae196f03a73d8e158908371b561058c3f,2286
c74adf6802e8197798c4f22292b61ae72d8b4337,2301
25dfba68cf377c4cadc145de27300ed2ca09d00a,2303
80f35d12d2386c0b27b6f3ff6cd3f1d69d96ca9b,2298
0b665015db976ec40b06fe0ee99002f72df719b3,2316
110195ac111043f8d366e4557e596dd51dd04c5a,2317
612aa40cba7d6a1f734272f71657a65561394752,2319
8d3b4a04437b58e6fe64cf0cd9c63c3b7d4c4875,2320
4b77536e995c7e18bc8d999acdd6ba3b574857da,2326
73e813384f9789028c74cbbf1930d0258935503c,2333
0f62da48877deb9cecbf8655cf6199ef7828c9e5,2237
bff3401860a7f8c0b7cafd2efcb0004a93d80c8d,2354
60715b41c7a0f56309fefe5fc349ef1e03c46b00,2362
49a7ffed69df4a3ac530c94d2d751b050d2de620,2381
a2f0d1f91e3a6073c46994617bf0c084241c707f,2397
fe5e38dea599d0cc4e5086554d2a34fd0e92295c,2400
19fd0cfe6c8270bbba5bfe5f8bcf097da2c8f0ca,2399
e0871c77ee3ec3d1c3989710251122428f227a38,2385
d8d2990c6830b948525d558ab46849b8c88e0877,2403
518410fab592fb1f77ab3e26c019f4f12e97fcf1,2417
4dcedd96b3252430822b3cf1591e7f4031b0df56,2392
ea73ef183e1ba64a5c840da5176895f290fd53b5,2458
0de4474902dda125860622fd94d71481530727f1,2448
73634e83b2bfbde9b61cd1eece2ce9d25e701142,2469
21fd0c6aed65736dfc90ad69955727980bce7be2,2374
f4670ac3ff3fc19910f6ada360c7b7feeafeafde,2468
6e09ccd4074e6959b04f8aeb5e3fdc33de8a2e3b,2471
a2d24f2b3d9e71d3c7888b1b3e03e14d164903f7,2477
eaab1ad481988d20ce7ac7452b7053a0fb48aa4d,2466
dcbd509be02ec646693cd62c0b93d531c52c8e65,2481
613b88591c41a948f9f9ecb1a7ad76abb8aad229,2483
eee2c78c4d531740e8a0862884a79982f19347be,2379
2e702802538ca494dfc327ebd49067960379b1e9,2507
7b7393e1d755af91491aa5d63e95d608c1e35d19,2513
26125e8bccdcc020b2784f3887734bfcd9586b6d,2517
7c6c3d2faa5fa2b595ac8e9b3cc6be94f963ddcd,2519
ddeef7f2f15c044d0381a930917d43e0699f82f5,2521
026eafda4b202b791979e23feedeaa6b4f9ae89f,2530
94a1edad1b26df769c5b8d1c2072ccd691516316,2535
4373900ac3d34efcbf5fd576cc1e0902f203fc05,2537
508583127bf432e2ac5674092ff0cf054f8cc1bb,2541
9c08865d4fca112a6f38e47816e24380f0d68eb8,2543
ffdfe0472eb092844d780bdec9ec7a5bf36ee921,2544
8cc4ef016b69b7dcbb337c5fe32f2cfa05423cca,2520
bafdb5eae3c83e9bb98c3f0a745483417ac6eb34,2547
09f8ae800454122bd38d2fd2a0356c0bee8e77fc,2549
6e5013c8c35501cdb99deb145ac2f119c8f6f1b7,2550
9bf026dabac44a6256a65168fa93dcb7e2edcca4,2551
4ac35b97a84850430679eba3f1fb22a64e122663,2554
0e10539f64c8bc449b1d842663ea0702120b5c00,2555
4eb59835076e57378908747ac010f89478289dc9,2562
d2ce5c0c6db41702270b1e49441a679280745467,2567
5c99d476a855c5a38f0c3abe6e2cc8a6667c192b,2552
0ccc7963c30bb8983eb88d5505f315e5218a9cc1,2486
d4a91a7ad89b85eb74c8be381c01f7879e3cbb82,2572
3f6740dccd552f32568669483a11beeb48bd548c,2571
21af4e9fd72e2641ee6c53f8281a62691103dde2,2575
d1366c20254c7c982274da5c5e82e9e77a6993d1,2583
83dccce05dc3dcccd0d0c6be5d1fc70e1e9d24e6,2586
b0dc66324725f7926199430c6a25a7c079bebc65,2590
b96d9375f6c4e67031d979481c78dfa9d40827a7,2591
7be54912232eaff3f6d80b6d771e2d11480482ae,2592
7a62c37a98e361a08480dda59c13829057f636f7,2593
f7d5ca842131e66ad1051e01032a3d68a986bfde,2597
02e9bb609a9b43b87ebf59da0aa40ab0939954c2,2608
9123950d56f3f9f2d9f0cf1e8b943748abb62bff,2610
33fafc13d8e0813d8621d843302382605f952306,2627
418709c0f873aacedc19b638fc3d4fe6708b50f3,2628
d0aa0c06e25ba19cb6085d7a9641c1ecb1a9ee59,2657
b1778ccfd5e3f3afcf2c3a42cec76540e421eebc,2656
e060ecf37b0727b963bbaad9f657a515575117fb,2665
2223cfaf4c1730a82c6275390d16c277a64fd39f,2660
c805cf6cf46429c5dd0893666aa8349ce0e767b3,2666
079a15a1e5d95af36484394faf47f90ec156088e,2669
276ca262d552b77302a31c6c45fe854d487c81b4,2671
a102ff9ebf6f7575a999dc92bc6ec51f3c1427a9,2634
1413e87ca47887468d61eb11b7d8abe83da4a2be,2687
a7154c9d470f34f51977ab2b8ea5a87f8795389a,2690
208167e09a6ae48311e1e20bd21bda1068fb8429,2689
6149444264346f8d7fd2052686e53f3e91dbd756,2692
b52e54abab3f0736f95c35856b44c22b77040dd2,2695
576d3e5ac10bfb96b534d995ea782d21d65f1cce,2696
0144191b8698387bc29fdebf1ea4b8802174455d,2701
44861c66d3807c1857bf33a7c3322a5d33a693e8,2706
eb25e953372ebed90cc5a3c6cebe9211e43e10d7,2707
a8e2b5e116164fed5f038271a843a606d32f5a10,2709
5dcf8190eee727d2cf55f914dfc45d685d642d89,2700
3a4310482757425e2c3d651dd907ee71750e55a3,2693
f7ef31efb86713bf27a0fa75c427ae70107d7c0b,2711
b099b4fcd1037f5029ad828eb996682fd2c7e6de,2713
5f32e8721d360e01b2ecaa284cecfda9f3471ec9,2718
35389b8c9bf63a79ee14287c61b2cf5dcd93e1f4,2716
4e85881ddda1e455f2f0a062d65fa2d7a8d7e7d3,2719
7dd1eb90ad34e486a46432880144d1139269d86b,2727
fbcafb877b60e5a6b02cba9b00076eaf9771766a,2734
c8a0c6d170f967cad90aa344f1adce4b8a3b264a,2739
bfc84b4d4825441f2bcdff551f033d587be91f3d,2740
63be6f43404881d6f052011684b6097927ff32d0,2743
a8b18e9edcd65d0faf55ec8bd90e7809e71f93b4,2747
7ceff87c76d0b161b9700315f80cbba8364f3e49,2749
6e742e5faf23ebf5a6ebb524d94e199ed17382da,2745
f41a3c641cca769e9774fb28403e9db001dad680,2712
7d2ebbb372f8af990d1c2c6164a062d8388c18b2,2772
1156c7bebadf9da4c6205081c1569d2cde2eeeaf,2785
b72e199d0d854bd532a8103ce626a5aab4a71c07,2788
00a468be809a3682443725d0c5228af1468ee07d,2789
010d1aeba948f4f2b1b45c00381f66191639f3ee,2805
95e01dfc77d1b16613b09f6ae38e73daf5d4f0cd,2810
bc2a0281ae0a1a3775d22e63a2541c27b9e8e3d4,2811
7943891b3ca6a0cda112a7d0d0a07676acb28101,2814
66fe81b1c2711c39fdc703e9fd49819e9e671828,2815
f2edcfe7e7569d3f386ea1b6687b5db001247b7e,2818
ca1f95616de68cd54e73f5a484ce6ab110120ac8,2802
d7eb903157fb5ba90c5041a3a2f0b71e57734841,2822
59d863923489ed0a1d567c3c64652e7c08efcbee,2829
ee364e9b41f93debfbc4e95bb6934134e0824ab5,2821
c9a7a76d69e82e7d498ccd0dc6ec3ff69f01d8f8,2807
d8b80c3010319df99c115b8b0eaf622e9ced603d,2834
b611a4a5401468b7734d2b009e23889bae3818d3,2836
f8f961b85d9f04e7fdfaae97a8b4f881a5d2a5a6,2782
f8f961b85d9f04e7fdfaae97a8b4f881a5d2a5a6,2838
0f9c00d67d69a07ce66d108e36e80e4aa288cd5d,2835
6e559007b36b8c4760d70854620bd258665fcebc,2843
a4f024fb0d4cbab8442ee9c71ad7fb87b9843752,2845
400ef577daa828d5809fa271beeceaad884ea483,2844
c4bdd27834fc82b03dcfae1c56acdfa419841de4,2852
cd004e32ec150edc8b2cc553c7644aa64619d824,2856
5cfe7584010a4c9e543d80ccff7993350cc4a736,2860
20680e232e0a13bef0b300003e918948e7ac2c23,2876
a5b40505e07f5b204e031deb114d0d33f6d506b1,2791
3a02ac4489194cce6ddcd3b97d598eb731b20568,2882
1786e15a0103424e5d877e09c9a925dd19517aab,2887
238236fe4de67af357c1f9ae8c99f28add349b5f,2893
89c9d3b175e6526dadbca91083fc41b48b1f2fbd,2888
8374135ca52741d1f9d3c2bbfe98f0a643001fd8,2908
95a4640e6a96a0eceb9f3092f38a1ba363eccb71,2897
1a5b7db2564d01696d85f930a02b17be0183b3cc,2921
0a8859b2de337c44d46864687dbff39ec72b1ec0,2922
3f30521617ff8250a65c2ee22ff576f6ecc80da0,2927
5f024f21da4920b2532f625bacf5010531188524,2929
ae0bd315b4c51a5acdc017fc3bcef6e4a2882da1,2935
5dcee2cbdb78ea76d29db0ac88022fbdfa5d8842,2933
402385c159ee1fe696f65269581d11abfc5236bd,2936
0db28cfe29373ad917512ad09b1d3f07051e4915,2942
a7e03a2d1553ee973cadc7508e4ec7ee59d9d4ab,2953
db582aa3cd19feef3d88a01e9a2b258815eea94d,2957
df8139ad205b472d381fa0780351104daa1751fe,2958
bad8771e212a130cfc3686221b2d40da1eac7b0c,2964
a5c8615b05a6c59876fd204b873c63f774aeb0d0,2962
aa86e8c6afadf01ed0df75fee520b5af9fdc8af4,2972
12030465ecdeb4d35993eec3016229665b338a0b,2973
39a94b55f748f64a7ad608c9c0d8bd141f1ad4a5,2978
5fce043ec7e05fbac41d1e5cc3cea06918c87022,2986
37acf6e60a7120e7f9b4929fd5b21e914e8f94cb,2988
4b945afedf6292f2fd7370c0e4f6be243dd6087c,2997
5512dab0ca2b33a8dd0d2b1876b17d195e4ea7ed,3000
f77050495a2b92bb55862516122e873e08d5a2a6,3001
56a5419b208fb5e2530c13a94d1602506fb39f23,3002
6b92d55c29bb4791d70617d7d00fd1842dc11bf9,3004
b2105b8ccf0218d7863c9499156d82fe990bed1e,3014
3be49efe045b23c83d50587445d492d468a289a1,3025
b0a9d3b1600f3bedcf60c4da8c91b41621ca0988,1650
d5e7cb2979ba57f70e35b301dabbf0dde189c4e5,3038
69a961635590e271bac141899380de1ac2089613,3054
d87e3e1f8304300edf05fd6abdc5307763f5914f,3074
1a2ef3e9ba3d66897259fd07628ddfadb6aae92d,3108
e6663b8edcfdd0674b00f782d9842fee25a1f567,3103
549396dbd88712e979e856deaddc1cb98866ba5f,3111
95fe30bf6c036892e2ed2df0fa52b2c1977d554b,3117
d0d9e4000d5e6c38d3ef6746b6f541a10a317482,3118
21d6c384d9028fbeb732b7295c23d4de03d472fd,3120
cb40a33fb89d0f3ba584917812efc536ed451935,3129
8aa65342a3a32e92e28501bbc7f1b578d3dd7a7a,3128
a5548386d51df1464db44a7a5a17886d165a1f70,3122
1a2a2d3c055bb5531bbba2c25cd77b7be994a861,3135
54867389fb00e5a6aafd0e560272c6bfd258838e,3139
25ae3ef642f0ccdfa280dfc788b0671756b31071,3145
5d2fd91a269612901a5a3937c2982f6b26b210b4,3147
f23f9359d34bee7d001bfb634b929b00b6e10eef,3151
2ebbb6ab46869970cba4928480a901e0e150d281,3150
4788158819fc5a8a1f98145887d78c3089fd3e5b,3153
4ad53d927a57e61ca29e2733f6defd03c80aca5a,3112
5d7d7787bf6f3ff1a184b0b28531407804776a3d,3155
a08147400c7de8c4fc5e0c97af7ebaa307904069,3152
d0e43b8b2b795e8ccf081d2012b107fbd8427aa2,3156
c13d287ea58b133100acc9e9b95587c5e61a2266,3166
75b4a9cd59b048308bd88b6114861c54d717f8ac,3171
fca329609833e74aabd9e0d0cf7a63f719441626,3173
35d05d540f164ca64317e45411328d38d9359aee,2095
35d05d540f164ca64317e45411328d38d9359aee,3174
26a41c0af01930b0180691587b8f2cdba7da8cde,3182
f0979a531519000249e4b120b8a0adf2f2e9fb6d,3177
0ad3cf3e25bfeb8cef2ca169a9c41d26c7c0ea5a,3190
06a8276e05aae8f6e486f08c38f1137baeaebe70,3193
e7b666a81925d9fea2c47f9e0cab4b5822508db4,3196
7b01f185ca38cb112264fe328476e0f600e07fe3,3191
6acf6726c49177ffa17a5c9a4753a72917dea422,3210
edad19012f4fab9ad40d1c5295f5fe1160fad160,3214
599484e0d2510c11a4efa3bdbc24bf93ecf8c3b3,3215
79e1144928ef0f7f4b6f6afc8ee6c2388feeac1e,3219
a310cde6538137d4abd8dd42ddd21a0f965fad65,3218
f2763ebdbae2e539d7f8b320296d8c71cf4f6f4a,3232
25029ae428aea3a741589babd254b0ff2ab7f393,3235
9dc74a8ee694549a89000918a073f4aac16f8602,3231
ae21674db37a10d9e0f2376d41a705933f0d947e,3238
4f6017e3674e56fe8b5786ce5b0b846d63d9d2f6,3249
4f6017e3674e56fe8b5786ce5b0b846d63d9d2f6,3252
5c8800bde6b4bb63ed3ae057eabb67b73fcc5195,3276
1b0dd3849b9bd4514017bbf9be0c8a36a4e02864,3287
86124218b5cbdcfecaa1981158b5b415e4b2f50e,3300
09783b2d04b91231fd7f3998dcbb22f40d7b3578,3299
b7dfeaf5683522fd7f2033a805fb1213e0841af1,3301
b7dfeaf5683522fd7f2033a805fb1213e0841af1,3302
aef1570a8ec420dc0a65684b2c38584c118e3418,3309
a3c68a6b9b0d24e9d6d5fd96a4479b0a0fa48827,3311
571e8195fb6a2f414670705eb16f1f1d91e167f5,3316
8833ceb75fb093d9879de7fbccb7ecf867aa5687,3321
2fc57cbfd548acb2cb73f810012ee6905a7d42f4,3325
d56df3a705d3ab7993f18b82e6c967f7864734e1,3324
51d883c601c737ccb45368e8e8585a38d58bcbfc,3330
e002a37730b023c2206146a0448601b8c3615791,3315
3e595984a0804f190bbdbffd89e0ff57996f7544,3336
6f19c5ee1c029a3b2dfe0c6538851881d3ba46e5,3345
98a884e55e1f61b22b8b147f62ae9f12fed4a873,3239
a751821ea3948d8aa4a0dda2148436bf867792a5,3246
1c341f3360584a13465c627744cc29acf825486e,3351
5967a8369b96ba38046f2355e32b27717ab2f0b4,3352
337262597f90c57ad11ae516e6f2f826620009fa,3360
1b54459074008c592308daf0b9d54b29d8631189,3358
0a1657c3db2845495e768fb73885b08cfb73d12d,3372
1a65849157fba8fe128937197de2058f903c67ce,3375
bc12bb7969ef019c58c96139668e4a9f2cf1ac2e,3392
e78578d3664ce673a2ddf3a658b50d8d9239d1a5,3389
679b09d46fa080ce852eed443c86f2fc70611130,3399
d914d1fcb02546bf27dcfbce0fc8de19b81ddbe8,3409
e035978d586c5acddc34c39c66bc64aa08a30c66,3412
98de3d1cba3f0258e67b5439ea404d095411b369,3414
e00acc92c37792ac280b44b77ec08363929e3568,3415
9c1817e5ad1df101da8e69d3a1a1ac947d986d02,3420
ec05bebddc675afbd53b04ae1fe8c828c9278b5e,3424
aa63f061c08866f88c73b8b3a8abe2923186c8ec,3438
ce297e415bd99fbd259117001d02759e7f100731,3444
d351aa26a0d14151f6bf52d347cd3d265265d8db,3442
bbd297bc361b84e64f74b2337f93c9cb801c7e5a,3436
a86a6ec5d440f214c3feb27a3970fbdc9e119859,3450
e3f0da06c37619cdab465aa1a423f72ed5c08933,3453
1b8be861ae17494ced27bcd3ea47d0378624d2d6,3456
0e90328dd36e15ea60f8c3959f93369fde9db670,3458
3ba37fe05153ad2d2e7750c4e72ed8b094506146,3467
8e99f3e2b99b26e632d9ac571eafae6af0a76579,3469
a99ef0cd6874bb28c2253ea84265ea6829da33e6,3471
9c6d0f5a8815d9bcb6f0f3bb60f602b5903e2483,3479
11cc0f1d32862ee6d2620e34ecbe8ad42ac1739f,3488
6fcdae0bc2bb552fb5fcb829c5be993dc5c02ac8,3487
6cce6e2b590c701197bea7f2907c26ce01160f40,3462
108761e62529bb97ade41e2ef84e913496b5baa2,3496
b5c58fd99d885e0eeb6acea5c69dee186355ca91,3492
1b68db66099023a118f1194a7dabf64d4200612b,3501
c3ca4a686e61f769a6d0b8e563853afd747403a9,3498
d8026f72ec39fee3287ae1fee8a67f1fcc19babe,3502
0eab9c1fc380d3dbc1e7c91a1f5f4ae7dfc45d1f,3500
af05eb5ae0d2252b4fa99c599194d13daaa1ecf2,3505
1e5d205f82c7f5bb1b2e5ce60c680491552cfa23,3512
9adb29aff006f22282306f63481a4d260a7e7b64,3525
70c4a43c5a51dec1f51f37388c0953c88681f842,3530
79fa3932bb7ba29fbb1887bc42c57e637e8bee49,3533
cdfa48b2ea1a27dfe0f545c42a34fd3ec7119074,3536
c142907b89d1ead365fa9e83525d77853b157496,3539
5fe780fa100e89d91e2256640e2c44c2acfd4c79,3545
dd3fefb929d456fa10b0b9f7e0b2c65f6cfbee93,3547
