Author,Year,Week,Num Commits,Lines Added,Lines Deleted,Files Added,Files Deleted,Files Modified,First Commit Date UTC,Last Commit Date UTC
1,2019,18,7,726,46,19,1,23,05/04/2019 16:22:21,05/04/2019 23:44:50
1,2019,19,21,5052,717,50,4,116,05/05/2019 01:28:11,05/10/2019 02:46:15
1,2019,20,6,2814,475,38,9,76,05/13/2019 04:22:54,05/18/2019 06:16:30
1,2019,21,37,26922,7178,280,69,711,05/19/2019 03:29:00,05/25/2019 23:54:18
1,2019,22,79,108659,119780,44,118,384,05/26/2019 00:15:29,06/01/2019 03:30:33
1,2019,24,11,1942,1701,23,13,121,06/09/2019 23:43:51,06/14/2019 04:15:45
1,2019,25,5,558,50,9,0,47,06/17/2019 04:13:55,06/20/2019 03:42:39
1,2019,26,5,137,53,2,0,11,06/24/2019 02:25:47,06/27/2019 03:24:31
1,2022,2,1,7,7,0,0,5,01/02/2022 20:43:58,01/02/2022 20:43:58
