Author,Date,Num Commits,Lines Added,Lines Deleted,Files Added,Files Deleted,Files Modified,First Commit Date UTC,Last Commit Date UTC
1,5/4/2019,7,726,46,19,1,23,05/04/2019 16:22:21,05/04/2019 23:44:50
1,5/5/2019,7,3131,134,12,1,38,05/05/2019 01:28:11,05/05/2019 22:46:16
1,5/6/2019,6,1186,249,22,0,33,05/06/2019 00:35:00,05/06/2019 06:19:42
1,5/7/2019,3,275,20,9,0,15,05/07/2019 05:23:44,05/07/2019 06:13:13
1,5/8/2019,2,123,29,1,1,12,05/08/2019 05:00:33,05/08/2019 05:38:57
1,5/9/2019,2,276,268,6,2,7,05/09/2019 06:09:24,05/09/2019 06:12:16
1,5/10/2019,1,61,17,0,0,11,05/10/2019 02:46:15,05/10/2019 02:46:15
1,5/13/2019,1,106,32,2,0,10,05/13/2019 04:22:54,05/13/2019 04:22:54
1,5/14/2019,2,2214,243,28,8,26,05/14/2019 05:22:35,05/14/2019 05:49:43
1,5/15/2019,1,210,110,3,0,16,05/15/2019 06:24:20,05/15/2019 06:24:20
1,5/16/2019,1,128,71,2,1,13,05/16/2019 05:25:21,05/16/2019 05:25:21
1,5/18/2019,1,156,19,3,0,11,05/18/2019 06:16:30,05/18/2019 06:16:30
1,5/19/2019,6,18943,374,229,6,24,05/19/2019 03:29:00,05/19/2019 23:32:45
1,5/20/2019,7,855,2623,1,20,204,05/20/2019 00:05:00,05/20/2019 05:53:01
1,5/21/2019,4,5741,1345,41,7,235,05/21/2019 00:26:08,05/21/2019 06:20:19
1,5/22/2019,3,420,848,0,15,100,05/22/2019 02:33:34,05/22/2019 06:05:24
1,5/24/2019,1,1,12,0,0,3,05/24/2019 05:05:35,05/24/2019 05:05:35
1,5/25/2019,16,962,1976,9,21,145,05/25/2019 04:31:59,05/25/2019 23:54:18
1,5/26/2019,22,105742,117839,11,110,75,05/26/2019 00:15:29,05/26/2019 23:42:03
1,5/27/2019,20,1089,947,10,2,97,05/27/2019 00:22:28,05/27/2019 23:30:33
1,5/28/2019,25,952,634,10,4,115,05/28/2019 00:06:45,05/28/2019 23:28:44
1,5/29/2019,5,367,108,5,0,21,05/29/2019 00:11:03,05/29/2019 19:33:26
1,5/30/2019,2,352,222,4,2,66,05/30/2019 04:37:47,05/30/2019 05:03:20
1,5/31/2019,2,117,13,3,0,5,05/31/2019 17:34:35,05/31/2019 17:55:38
1,6/1/2019,3,40,17,1,0,5,06/01/2019 03:10:30,06/01/2019 03:30:33
1,6/9/2019,3,1510,1453,20,11,90,06/09/2019 23:43:51,06/09/2019 23:59:51
1,6/10/2019,7,370,165,2,0,25,06/10/2019 02:12:00,06/10/2019 05:16:16
1,6/14/2019,1,62,83,1,2,6,06/14/2019 04:15:45,06/14/2019 04:15:45
1,6/17/2019,1,108,7,0,0,28,06/17/2019 04:13:55,06/17/2019 04:13:55
1,6/18/2019,1,149,22,3,0,6,06/18/2019 04:20:46,06/18/2019 04:20:46
1,6/19/2019,1,64,1,1,0,2,06/19/2019 03:04:22,06/19/2019 03:04:22
1,6/20/2019,2,237,20,5,0,11,06/20/2019 02:04:25,06/20/2019 03:42:39
1,6/24/2019,3,115,35,2,0,8,06/24/2019 02:25:47,06/24/2019 04:13:07
1,6/27/2019,2,22,18,0,0,3,06/27/2019 03:12:19,06/27/2019 03:24:31
1,1/2/2022,1,7,7,0,0,5,01/02/2022 20:43:58,01/02/2022 20:43:58
