Sha,ParentSha,Parent2Sha,IsMerge,AuthorId,AuthorDateUtc,CommitterId,CommitterDateUtc,Message,Work Items,Total Files,Modified Files,Added Files,Deleted Files,Total Lines,Net Lines,Added Lines,Deleted Lines
af49038bb531a22ec2add894ee6b88f9e1cb0376,,,False,1,05/04/2019 16:22:21,1,05/04/2019 16:22:21,Add .gitignore and .gitattributes.,0,2,0,2,0,403,403,403,0
ba38ec694d75787211498f672176e515ac9ae746,af49038bb531a22ec2add894ee6b88f9e1cb0376,,False,1,05/04/2019 16:22:24,1,05/04/2019 16:22:24,Add project files.,0,7,0,7,0,127,127,127,0
6e0d6d42eaf2a42b03fdf890536837700b838823,ba38ec694d75787211498f672176e515ac9ae746,,False,1,05/04/2019 18:19:07,1,05/04/2019 18:19:07,Early F# objects,0,9,3,6,0,102,49,53,4
3f261eae04330ce0ec3465e7fd656d662823de67,6e0d6d42eaf2a42b03fdf890536837700b838823,,False,1,05/04/2019 19:14:25,1,05/04/2019 19:14:25,Working on UI binding.,0,10,7,2,1,159,54,67,13
327381f9be89e0d80da1a967cc574c64ee699479,3f261eae04330ce0ec3465e7fd656d662823de67,,False,1,05/04/2019 19:26:17,1,05/04/2019 19:26:17,UI is working,0,2,2,0,0,59,9,17,8
eb10df21917ec27562ff21fae26906491b37d0e6,327381f9be89e0d80da1a967cc574c64ee699479,,False,1,05/04/2019 20:07:49,1,05/04/2019 20:07:49,F# generation,0,7,5,2,0,111,32,39,7
e80ae647c8c2a6e98b46c05f51195bb134ebf225,eb10df21917ec27562ff21fae26906491b37d0e6,,False,1,05/04/2019 23:44:50,1,05/04/2019 23:44:50,Work on map generation,0,6,6,0,0,118,6,20,14
1d168b9a05468cc350a93b4f0a99620051b066f1,e80ae647c8c2a6e98b46c05f51195bb134ebf225,,False,1,05/05/2019 01:28:11,1,05/05/2019 01:28:11,Better generation.,0,6,5,1,0,131,50,71,21
fd22078d695ae21bdb090554d9951ae7d7c43f33,1d168b9a05468cc350a93b4f0a99620051b066f1,,False,1,05/05/2019 07:03:30,1,05/05/2019 07:03:30,"Added void, coloration, icon",0,7,6,1,0,256,75,87,12
27b44266748522c5c3eb0f090c662034cf115538,fd22078d695ae21bdb090554d9951ae7d7c43f33,,False,1,05/05/2019 19:19:37,1,05/05/2019 19:19:37,Beginning room JSON loading.,0,3,2,1,0,116,63,64,1
6355000e9862cf5ecf2654020ee069430fddc985,27b44266748522c5c3eb0f090c662034cf115538,,False,1,05/05/2019 19:31:00,1,05/05/2019 19:31:00,Better mapping,0,2,2,0,0,100,7,18,11
d9429b7f8769b76fd284efe8d10c2fef22dc57f9,6355000e9862cf5ecf2654020ee069430fddc985,,False,1,05/05/2019 21:03:00,1,05/05/2019 21:03:00,Room instructions,0,9,6,3,0,289,45,103,58
541027406f620580404a8d9b228024d7f09a4470,d9429b7f8769b76fd284efe8d10c2fef22dc57f9,,False,1,05/05/2019 21:54:46,1,05/05/2019 21:54:46,Reorganized into multiple projects,0,15,10,5,0,1591,1249,1267,18
df1d65c0b9fdb164cbb22c1e70e17acd6f17d51d,541027406f620580404a8d9b228024d7f09a4470,,False,1,05/05/2019 22:46:16,1,05/05/2019 22:46:16,Level loading,0,9,7,1,1,1741,1508,1521,13
2bbe45a72f00e8ec41ca6cc1724887600cedad9c,df1d65c0b9fdb164cbb22c1e70e17acd6f17d51d,,False,1,05/06/2019 00:35:00,1,05/06/2019 00:35:00,Work on parsing,0,7,7,0,0,1405,15,43,28
9a410dfc75df4efc03a195ff5157df85b6e963e4,2bbe45a72f00e8ec41ca6cc1724887600cedad9c,,False,1,05/06/2019 00:44:27,1,05/06/2019 00:44:27,Better casting,0,1,1,0,0,1553,-2,2,4
9ab45259f9469dabec92180534723e186abc5501,9a410dfc75df4efc03a195ff5157df85b6e963e4,,False,1,05/06/2019 03:40:04,1,05/06/2019 03:40:04,LogicObject is now a thing.,0,9,8,1,0,317,24,88,64
2155ea2b81a25b4470e537102cc87b0875eb5f12,9ab45259f9469dabec92180534723e186abc5501,,False,1,05/06/2019 03:57:50,1,05/06/2019 03:57:50,Firewall is new,0,5,4,1,0,218,5,24,19
027be9ab30e89b0b5a042fd82d1563b16c167500,2155ea2b81a25b4470e537102cc87b0875eb5f12,,False,1,05/06/2019 04:31:24,1,05/06/2019 04:31:24,Added WPF 4.6.1 Client,0,18,3,15,0,763,636,640,4
c78d46ccb3a3516c2b10142a8aa6b4b8089f0d84,027be9ab30e89b0b5a042fd82d1563b16c167500,,False,1,05/06/2019 06:19:42,1,05/06/2019 06:19:42,Fast LevelGen,0,15,10,5,0,2147,259,389,130
077ccedca8cd5ad6afb96ee3c30e420459685439,c78d46ccb3a3516c2b10142a8aa6b4b8089f0d84,,False,1,05/07/2019 05:23:44,1,05/07/2019 05:23:44,Introduced game manager,0,12,4,8,0,488,218,221,3
60a780f932637b3d3c9162607bbee93af490f772,077ccedca8cd5ad6afb96ee3c30e420459685439,,False,1,05/07/2019 05:35:53,1,05/07/2019 05:35:53,ZIndex is now a thing.,0,9,9,0,0,299,17,23,6
b57035e0e18cf2993343450c0652ddbd94da1ef9,60a780f932637b3d3c9162607bbee93af490f772,,False,1,05/07/2019 06:13:13,1,05/07/2019 06:13:13,Moved towards a message-based architecture.,0,3,2,1,0,81,20,31,11
5338c79006442e292ede45aee247da1127d278e3,b57035e0e18cf2993343450c0652ddbd94da1ef9,,False,1,05/08/2019 05:00:33,1,05/08/2019 05:00:33,Added actor object,0,7,5,1,1,298,12,34,22
dd454cce4a2f605ab0342ddf26be36ae3a55cbe9,5338c79006442e292ede45aee247da1127d278e3,,False,1,05/08/2019 05:38:57,1,05/08/2019 05:38:57,Early movement,0,7,7,0,0,262,82,89,7
77c0b564787006c393e9c7082a870930023d4572,dd454cce4a2f605ab0342ddf26be36ae3a55cbe9,,False,1,05/09/2019 06:09:24,1,05/09/2019 06:09:24,Early movement,0,13,5,6,2,441,6,273,267
8bf061039496c3ccfb690c6d35853b14218ee500,77c0b564787006c393e9c7082a870930023d4572,,False,1,05/09/2019 06:12:16,1,05/09/2019 06:12:16,Test now passes.,0,2,2,0,0,62,2,3,1
cac4a0af7c997c97863c2a95108930dfc23d0b7e,8bf061039496c3ccfb690c6d35853b14218ee500,,False,1,05/10/2019 02:46:15,1,05/10/2019 02:46:15,Update loop works now,0,11,11,0,0,442,44,61,17
0c9feda0702cf3259064a421e2be5331d8453571,cac4a0af7c997c97863c2a95108930dfc23d0b7e,,False,1,05/13/2019 04:22:54,1,05/13/2019 04:22:54,Interactive objects are now a thing,0,12,10,2,0,425,74,106,32
8aea3647bf901d06ac235c36c4da9daa4674694b,0c9feda0702cf3259064a421e2be5331d8453571,,False,1,05/14/2019 05:22:35,1,05/14/2019 05:22:35,Cut over to C#,0,51,16,27,8,1511,469,705,236
eaa73ed66e8282b16eeacd53aafdb533801adfae,8aea3647bf901d06ac235c36c4da9daa4674694b,,False,1,05/14/2019 05:49:43,1,05/14/2019 05:49:43,Doors and cores work.,0,11,10,1,0,1956,1502,1509,7
d901f0ef0557ffa78fcb6e48bd91e0b900f674fe,eaa73ed66e8282b16eeacd53aafdb533801adfae,,False,1,05/15/2019 06:24:20,1,05/15/2019 06:24:20,Moved color information into the domain project in hex form.,0,19,16,3,0,900,100,210,110
9d9b85dc7e98c186f3ed5e17ac489f19d80dc3ee,d901f0ef0557ffa78fcb6e48bd91e0b900f674fe,,False,1,05/16/2019 05:25:21,1,05/16/2019 05:25:21,"Switched to a context model, implemented core capturing.",0,16,13,2,1,566,57,128,71
bfad2662c64ff9b753e3a40e54f92ed2060a072f,9d9b85dc7e98c186f3ed5e17ac489f19d80dc3ee,,False,1,05/18/2019 06:16:30,1,05/18/2019 06:16:30,Work towards level changing,0,14,11,3,0,637,137,156,19
512c25511566f3052a9cd9d6b1bfed72f92627dc,bfad2662c64ff9b753e3a40e54f92ed2060a072f,,False,1,05/19/2019 03:29:00,1,05/19/2019 03:29:00,Fixed level transition bug.,0,5,5,0,0,345,21,61,40
44aa1c85caa2b71d35abd74d417cf330991f8de6,512c25511566f3052a9cd9d6b1bfed72f92627dc,,False,1,05/19/2019 06:06:11,1,05/19/2019 06:06:11,Ported old code into the project.,0,222,7,215,0,17220,16753,16763,10
991da824440f677425c4b28c0e3bbf030c16aa11,44aa1c85caa2b71d35abd74d417cf330991f8de6,,False,1,05/19/2019 07:04:40,1,05/19/2019 07:04:40,Moving level generation logic to C#,0,9,0,6,3,235,115,235,120
08fa1743c72a4806e0626785e65affe24c002f61,991da824440f677425c4b28c0e3bbf030c16aa11,,False,1,05/19/2019 20:01:50,1,05/19/2019 20:01:50,Working on changing the level generation.,0,17,9,8,0,2296,1753,1785,32
e22a8dd11922b049fb460edcc16c97b6d4cd6c13,08fa1743c72a4806e0626785e65affe24c002f61,,False,1,05/19/2019 22:10:14,1,05/19/2019 22:10:14,Fixed issue with levelgen.,0,1,1,0,0,108,0,1,1
3d4a588f68186d9e1bca2e6f8589351e09aec259,e22a8dd11922b049fb460edcc16c97b6d4cd6c13,,False,1,05/19/2019 23:32:45,1,05/19/2019 23:32:45,Using legacy levelgen,0,5,2,0,3,499,-73,98,171
23168a663a71136ad5904e42bf192327f6adeb80,3d4a588f68186d9e1bca2e6f8589351e09aec259,,False,1,05/20/2019 00:05:00,1,05/20/2019 00:05:00,Got rid of Position.,0,45,44,0,1,1936,-48,167,215
34e2a5c172cb47a24a7945d911685cfdb770fe63,23168a663a71136ad5904e42bf192327f6adeb80,,False,1,05/20/2019 00:22:11,1,05/20/2019 00:22:11,Consolidated FloorType.,0,4,2,0,2,220,-83,10,93
aeb5a01d21daf669ebcbadbf1ce350d72966e285,34e2a5c172cb47a24a7945d911685cfdb770fe63,,False,1,05/20/2019 00:40:33,1,05/20/2019 00:40:33,Cut over to use consolidated ActorType,0,43,42,0,1,3385,30,100,70
ff2ea7e16bbe746892c628f8286f3684b5e0ebac,aeb5a01d21daf669ebcbadbf1ce350d72966e285,,False,1,05/20/2019 00:45:48,1,05/20/2019 00:45:48,Removed dead files,0,5,2,0,3,861,-1542,2,1544
e9e79e60741904635d11db0455c18ccfb9058235,ff2ea7e16bbe746892c628f8286f3684b5e0ebac,,False,1,05/20/2019 04:18:19,1,05/20/2019 04:18:19,Migrating to use the GameObject class.,0,94,80,1,13,6653,-358,270,628
63d6b04fbe58a96e2c939ee959f85b7073da7a83,e9e79e60741904635d11db0455c18ccfb9058235,,False,1,05/20/2019 05:41:53,1,05/20/2019 05:41:53,Incorporated more into the new entities.,0,29,29,0,0,2110,215,277,62
f657229bbbf2dff095fe9f160ca6de3a07d76bb1,63d6b04fbe58a96e2c939ee959f85b7073da7a83,,False,1,05/20/2019 05:53:01,1,05/20/2019 05:53:01,WIP on using the big boy context,0,5,5,0,0,504,18,29,11
4339fe6d282f3793bacbc78661dd378549967d01,f657229bbbf2dff095fe9f160ca6de3a07d76bb1,,False,1,05/21/2019 00:26:08,1,05/21/2019 00:26:08,Fixed compilation issue.,0,26,26,0,0,2185,4,35,31
4c9231750e7c905a2d33c9bbfe902d2fd37143a8,4339fe6d282f3793bacbc78661dd378549967d01,,False,1,05/21/2019 00:28:17,1,05/21/2019 00:28:17,Killed the unused command.,0,1,0,0,1,0,-14,0,14
7cc0fe817154c200e565bf5be503505947cbd196,4c9231750e7c905a2d33c9bbfe902d2fd37143a8,,False,1,05/21/2019 03:55:38,1,05/21/2019 03:55:38,Switching over to the larger-tier architecture.,0,34,32,0,2,2521,-200,99,299
f55425b37530db32d180264caa5b9351e969dd03,7cc0fe817154c200e565bf5be503505947cbd196,,False,1,05/21/2019 06:20:19,1,05/21/2019 06:20:19,Flattening into one master assembly.,0,222,177,41,4,15985,4606,5607,1001
2e0bdd1f825e7725432c7d7422dda634534f6b8b,f55425b37530db32d180264caa5b9351e969dd03,,False,1,05/22/2019 02:33:34,1,05/22/2019 02:33:34,Using GameService for creating the game.,0,5,4,0,1,655,-84,36,120
151b10b3ce3443bfd9fca8429ba0a01d7848f133,2e0bdd1f825e7725432c7d7422dda634534f6b8b,,False,1,05/22/2019 04:16:09,1,05/22/2019 04:16:09,Ripped out interfaces.,0,95,86,0,9,7000,-295,338,633
f399598516b6a0549fc42594ef4ee8c904f3619e,151b10b3ce3443bfd9fca8429ba0a01d7848f133,,False,1,05/22/2019 06:05:24,1,05/22/2019 06:05:24,Core game loop in new schema,0,15,10,0,5,1416,-49,46,95
dd78fa905ba8b110526338e52f43852fe7835aa2,f399598516b6a0549fc42594ef4ee8c904f3619e,,False,1,05/24/2019 05:05:35,1,05/24/2019 05:05:35,Removed JetBrains packages from the root level for CI/CD test,0,3,3,0,0,232,-11,1,12
daf331b0a69272d04c8b423a0ce690ff4fdc54a9,dd78fa905ba8b110526338e52f43852fe7835aa2,,False,1,05/25/2019 04:31:59,1,05/25/2019 04:31:59,Addessed code inspection issues.,0,44,25,0,19,1651,-1242,38,1280
3c3ec4f8862c7bd16339fa05be44e359a4550782,daf331b0a69272d04c8b423a0ce690ff4fdc54a9,,False,1,05/25/2019 04:50:41,1,05/25/2019 04:50:41,Addressed code issues.,0,19,18,0,1,1766,-44,72,116
0f8e8da754e18b80933fd6b80a34696089ee4ac8,3c3ec4f8862c7bd16339fa05be44e359a4550782,,False,1,05/25/2019 05:17:00,1,05/25/2019 05:17:00,SonarLint configuration,0,7,3,4,0,834,413,414,1
d8ccfb9ec39234cc8ccb9f5eaac1a8300bf0abfd,0f8e8da754e18b80933fd6b80a34696089ee4ac8,,False,1,05/25/2019 05:20:12,1,05/25/2019 05:20:12,Set up CI with Azure Pipelines,0,1,0,1,0,33,33,33,0
ecc8747a7951940aa751aaaeb680dc9cfeceb9c0,d8ccfb9ec39234cc8ccb9f5eaac1a8300bf0abfd,,False,1,05/25/2019 05:32:09,1,05/25/2019 05:32:09,Update azure-pipelines.yml for Azure Pipelines,0,1,1,0,0,45,12,12,0
36fdb5c89111e6711d6c85511fad5e7b7cfd1915,ecc8747a7951940aa751aaaeb680dc9cfeceb9c0,,False,1,05/25/2019 05:39:32,1,05/25/2019 05:39:32,Update azure-pipelines.yml for Azure Pipelines,0,1,1,0,0,39,-6,3,9
8ae749a8d8e75325373e4d0e0c4ce97f997f53d1,36fdb5c89111e6711d6c85511fad5e7b7cfd1915,,False,1,05/25/2019 18:23:03,1,05/25/2019 18:23:03,Added sonar scanning,0,3,2,1,0,381,10,11,1
c8c402644315afea8173cf2b26a417035d45b684,8ae749a8d8e75325373e4d0e0c4ce97f997f53d1,,False,1,05/25/2019 18:27:08,1,05/25/2019 18:27:08,Naming consistency,0,18,18,0,0,2932,0,104,104
fc0b1d7f7c19919737c87d7b19f0693534512da5,c8c402644315afea8173cf2b26a417035d45b684,,False,1,05/25/2019 22:03:45,1,05/25/2019 22:03:45,Addressing code smells,0,3,3,0,0,310,4,22,18
8b5dcb35dbe61df8209321fb468f5856eddd3bb6,fc0b1d7f7c19919737c87d7b19f0693534512da5,,False,1,05/25/2019 22:16:21,1,05/25/2019 22:16:21,Cleanup Actor.cs,0,4,4,0,0,1136,45,55,10
a3704f817e6f6cc299217f02c61fd9ee6d354a84,8b5dcb35dbe61df8209321fb468f5856eddd3bb6,,False,1,05/25/2019 22:30:44,1,05/25/2019 22:30:44,Refactored effects,0,53,49,3,1,1892,-219,95,314
5fac871aaf3e6ac5483bd0f3e85b1565da38b173,a3704f817e6f6cc299217f02c61fd9ee6d354a84,,False,1,05/25/2019 23:12:32,1,05/25/2019 23:12:32,Effects are messages,0,2,2,0,0,359,0,10,10
08ed63667158e6c2c09c336f8dae8a5fdd15af90,5fac871aaf3e6ac5483bd0f3e85b1565da38b173,,False,1,05/25/2019 23:18:52,1,05/25/2019 23:18:52,Removed empty blocks,0,8,8,0,0,472,-39,3,42
171697015e32fc342e3918df7de96c7c0dfa76dd,08ed63667158e6c2c09c336f8dae8a5fdd15af90,,False,1,05/25/2019 23:42:42,1,05/25/2019 23:42:42,Fixed door logic and object moving,0,9,9,0,0,1367,5,41,36
dd361aae432e9d01680a4c7c7dfb42734b3caa17,171697015e32fc342e3918df7de96c7c0dfa76dd,,False,1,05/25/2019 23:47:45,1,05/25/2019 23:47:45,Resolved warning on Cells,0,1,1,0,0,474,0,1,1
b31ef065581531a09d002416538806f29531f588,dd361aae432e9d01680a4c7c7dfb42734b3caa17,,False,1,05/25/2019 23:54:18,1,05/25/2019 23:54:18,Paid down tech debt,0,1,1,0,0,181,14,48,34
2aac745c0145f35a9e6773871f01cb31e6b28448,b31ef065581531a09d002416538806f29531f588,,False,1,05/26/2019 00:15:29,1,05/26/2019 00:15:29,Cleaned up command context teleportation,0,2,2,0,0,353,7,59,52
fc75dfca3360f8a898c26d6bfc4ac6191327ac92,2aac745c0145f35a9e6773871f01cb31e6b28448,,False,1,05/26/2019 00:59:45,1,05/26/2019 00:59:45,Addressed code smells,0,2,2,0,0,476,-8,11,19
62b16105d4778f309113d58fd46cc751da3eeb11,fc75dfca3360f8a898c26d6bfc4ac6191327ac92,,False,1,05/26/2019 01:07:39,1,05/26/2019 01:07:39,Addressed complexity around help,0,1,1,0,0,357,10,49,39
e04f9610e1eff7f0f6194fcc49083dcd0abc239a,62b16105d4778f309113d58fd46cc751da3eeb11,,False,1,05/26/2019 01:09:48,1,05/26/2019 01:09:48,Class should be marked as static,0,1,1,0,0,52,0,1,1
c94c2f75a15a00acfc942143bba14cf266bbaad7,e04f9610e1eff7f0f6194fcc49083dcd0abc239a,,False,1,05/26/2019 01:16:00,1,05/26/2019 01:16:00,Simplified encounter generation code,0,1,1,0,0,180,-6,21,27
867e2e62c3e9c6e38a70a4b307e74a0106a2c1fe,c94c2f75a15a00acfc942143bba14cf266bbaad7,,False,1,05/26/2019 01:35:00,1,05/26/2019 01:35:00,Combat cleanup,0,1,1,0,0,356,20,74,54
365f6e4ba5b0a6ad7b00c53c0372264892ddb389,867e2e62c3e9c6e38a70a4b307e74a0106a2c1fe,,False,1,05/26/2019 01:57:10,1,05/26/2019 01:57:10,Misc. Cleanup,0,4,4,0,0,1170,19,98,79
7d775544e579b59615d586e7bb09db85dfc14e56,365f6e4ba5b0a6ad7b00c53c0372264892ddb389,,False,1,05/26/2019 02:02:59,1,05/26/2019 02:02:59,Moved radius logic to new method to reduce complexity,0,1,1,0,0,270,8,14,6
54c213e99e5e433c376c698dafbb8263cc5c4970,7d775544e579b59615d586e7bb09db85dfc14e56,,False,1,05/26/2019 02:16:55,1,05/26/2019 02:16:55,Addressed a few TODOs,0,4,4,0,0,727,-7,17,24
ca54ace59651d89df6a9e0b80fd596250e1f376a,54c213e99e5e433c376c698dafbb8263cc5c4970,,False,1,05/26/2019 02:20:16,1,05/26/2019 02:20:16,Addressed code inspection,0,1,1,0,0,281,5,5,0
86037c174da2c57eb2a46aac2d6de41fe5954a9d,ca54ace59651d89df6a9e0b80fd596250e1f376a,,False,1,05/26/2019 02:48:00,1,05/26/2019 02:48:00,Reduced code duplication,0,9,7,2,0,1071,15,156,141
ae3752c28d563620dbba7f24a8b7ee056aec5e68,86037c174da2c57eb2a46aac2d6de41fe5954a9d,,False,1,05/26/2019 06:38:31,1,05/26/2019 06:38:31,"Cleaned up dead files, added build scripts",0,114,10,4,100,105588,92880,104753,11873
92222b3535832a09d41605609cc2f43cfc2eef78,ae3752c28d563620dbba7f24a8b7ee056aec5e68,,False,1,05/26/2019 06:39:04,1,05/26/2019 06:39:04,Clearing auto-gen files.,0,2,0,0,2,0,-104589,0,104589
e4ff7c96fddbdcd7bfa4fe3ade452c46848d6a1b,92222b3535832a09d41605609cc2f43cfc2eef78,,False,1,05/26/2019 07:05:15,1,05/26/2019 07:05:15,Starting to cut down on duplications in EntityDataProvider,0,1,1,0,0,397,-24,90,114
10090c5c6ff180eec56a8503231670ee661c049a,e4ff7c96fddbdcd7bfa4fe3ade452c46848d6a1b,,False,1,05/26/2019 20:25:54,1,05/26/2019 20:25:54,Added game manager tests,0,3,2,1,0,166,69,70,1
e0ce2e894c9f4c5c0fda8db1eb6684898d876c64,10090c5c6ff180eec56a8503231670ee661c049a,,False,1,05/26/2019 20:51:47,1,05/26/2019 20:51:47,Early combat unit tests,0,7,6,1,0,1160,60,70,10
5b14fbb590323d353e559935d0842efa49c40548,e0ce2e894c9f4c5c0fda8db1eb6684898d876c64,,False,1,05/26/2019 21:10:57,1,05/26/2019 21:10:57,Added tests around attacks,0,2,2,0,0,442,28,45,17
61949780b97ef69b1c87bdb102d899c5f1cf1881,5b14fbb590323d353e559935d0842efa49c40548,,False,1,05/26/2019 22:39:25,1,05/26/2019 22:39:25,Added teleportation tests. Starting to refactor test cases.,0,6,4,2,0,318,55,91,36
92003e665e52acc67e123af0c786f6148011c82d,61949780b97ef69b1c87bdb102d899c5f1cf1881,,False,1,05/26/2019 22:44:54,1,05/26/2019 22:44:54,Added test case around trying to teleport into obstacles.,0,5,5,0,0,193,14,22,8
21f1263f7d3131a53d38ce66bfdb992bba097517,92003e665e52acc67e123af0c786f6148011c82d,,False,1,05/26/2019 23:18:21,1,05/26/2019 23:18:21,Teleportation tests involving actors.,0,3,3,0,0,179,28,32,4
ea5474c14706e469fe5bbe8b57007abe8e727ca1,21f1263f7d3131a53d38ce66bfdb992bba097517,,False,1,05/26/2019 23:25:49,1,05/26/2019 23:25:49,Added basic vision tests,0,2,1,1,0,141,47,47,0
7b61e19fc9e005f1a2d63669f929b7b91e7b338c,ea5474c14706e469fe5bbe8b57007abe8e727ca1,,False,1,05/26/2019 23:42:03,1,05/26/2019 23:42:03,Removed dead logic,0,24,16,0,8,1193,-728,17,745
e85dabbc0c8014908b90cd7acd4a2238acb34c66,7b61e19fc9e005f1a2d63669f929b7b91e7b338c,,False,1,05/27/2019 00:22:28,1,05/27/2019 00:22:28,Added corruption test,0,2,1,1,0,129,34,34,0
b2cf15d5ddd7fd217cb6fa70e46e07981e36f8f2,e85dabbc0c8014908b90cd7acd4a2238acb34c66,,False,1,05/27/2019 00:27:18,1,05/27/2019 00:27:18,Added test for corrupt nearby,0,1,1,0,0,46,13,14,1
12236e3540a98f0cf229646359f9a1f34768dc15,b2cf15d5ddd7fd217cb6fa70e46e07981e36f8f2,,False,1,05/27/2019 00:40:03,1,05/27/2019 00:40:03,Added an explosion test,0,3,2,1,0,197,44,44,0
de18f513180e37697f0fbba12459793db4a6bc25,12236e3540a98f0cf229646359f9a1f34768dc15,,False,1,05/27/2019 00:45:48,1,05/27/2019 00:45:48,Killed dead code in actor.,0,2,2,0,0,619,-80,1,81
3f4c9f6ccc270d5d19a49649c23c49275527cf2e,de18f513180e37697f0fbba12459793db4a6bc25,,False,1,05/27/2019 00:53:59,1,05/27/2019 00:53:59,DTO logic must die,0,6,6,0,0,1086,-120,4,124
acf86eac574aa16037fed00a04a801dc2cac05c6,3f4c9f6ccc270d5d19a49649c23c49275527cf2e,,False,1,05/27/2019 01:02:23,1,05/27/2019 01:02:23,Corruption spread test,0,1,1,0,0,63,17,18,1
b401c9228189b3c6f1044ae471c71ed89b39a99b,acf86eac574aa16037fed00a04a801dc2cac05c6,,False,1,05/27/2019 01:22:47,1,05/27/2019 01:22:47,Added player test.,0,4,3,1,0,961,32,45,13
64b6202e35563e174409b65197f604312e24a8ac,b401c9228189b3c6f1044ae471c71ed89b39a99b,,False,1,05/27/2019 01:50:48,1,05/27/2019 01:50:48,Added cleansing test,0,2,2,0,0,175,15,15,0
4a41f8d24157680630eb0c0898b757d2b2c0a62e,64b6202e35563e174409b65197f604312e24a8ac,,False,1,05/27/2019 04:21:49,1,05/27/2019 04:21:49,"Help tests, removing dead weight.",0,10,9,1,0,821,-15,74,89
0d3857a33bfaed525a05d27e317bf25235f887a3,4a41f8d24157680630eb0c0898b757d2b2c0a62e,,False,1,05/27/2019 06:46:51,1,05/27/2019 06:46:51,WIP on character swap,0,9,9,0,0,1340,21,71,50
bc2d97f8671414fff2d93aad6a6da88b96a7baac,0d3857a33bfaed525a05d27e317bf25235f887a3,,False,1,05/27/2019 06:56:01,1,05/27/2019 06:56:01,Fixed change player bug.,0,2,2,0,0,309,-15,11,26
9e120cac0daefd510b823c6b1dad99311ae1864c,bc2d97f8671414fff2d93aad6a6da88b96a7baac,,False,1,05/27/2019 17:18:56,1,05/27/2019 17:18:56,Actor names are now in a constants class.,0,22,21,1,0,2626,28,137,109
aee92d42d3bb8e16409d33fd1edda683bea52054,9e120cac0daefd510b823c6b1dad99311ae1864c,,False,1,05/27/2019 19:17:55,1,05/27/2019 19:17:55,Refactored entity definitions.,0,2,2,0,0,389,-26,246,272
7a63e125e9751a47794774a888b8376109f9c133,aee92d42d3bb8e16409d33fd1edda683bea52054,,False,1,05/27/2019 19:24:09,1,05/27/2019 19:24:09,Fixed failing / brittle tests; made it impossible for same mistake,0,2,2,0,0,442,3,10,7
6bc47237cfc0a0253b484060f8fd716d17ccc2b3,7a63e125e9751a47794774a888b8376109f9c133,,False,1,05/27/2019 20:07:18,1,05/27/2019 20:07:18,Moved the move architecture to use the Commands system.,0,9,7,2,0,929,107,130,23
311f471d36127eca62bfee9354125e936d92e8b5,6bc47237cfc0a0253b484060f8fd716d17ccc2b3,,False,1,05/27/2019 20:38:25,1,05/27/2019 20:38:25,Added level changing tests,0,8,7,1,0,788,50,67,17
d07e255450d5a9694fb02d9e169bf41a8713bcde,311f471d36127eca62bfee9354125e936d92e8b5,,False,1,05/27/2019 20:50:33,1,05/27/2019 20:50:33,Unit test for actor help,0,1,1,0,0,50,21,22,1
97c5b504f7a58efc516614821a23f86d801cc4ba,d07e255450d5a9694fb02d9e169bf41a8713bcde,,False,1,05/27/2019 21:51:45,1,05/27/2019 21:51:45,Removed GameManager and added basic information on game state manager.,0,19,16,1,2,1431,-19,113,132
07e76df478f253783d660b31437e56330e03be57,97c5b504f7a58efc516614821a23f86d801cc4ba,,False,1,05/27/2019 21:52:52,1,05/27/2019 21:52:52,Added clearer case around game command execution.,0,1,1,0,0,142,1,1,0
172e547245f3a7af4e9e9f10149bdd7649393c4d,07e76df478f253783d660b31437e56330e03be57,,False,1,05/27/2019 23:30:33,1,05/27/2019 23:30:33,Added capture core test,0,3,2,1,0,424,31,32,1
fe442c8770d7290c89d5cc7e1700434d6c9d8cba,172e547245f3a7af4e9e9f10149bdd7649393c4d,,False,1,05/28/2019 00:06:45,1,05/28/2019 00:06:45,Changed up actortype mapping,0,5,5,0,0,885,-21,50,71
0ffa95ea25988641acd6e5c57df6fe2b935fc6ab,fe442c8770d7290c89d5cc7e1700434d6c9d8cba,,False,1,05/28/2019 00:45:03,1,05/28/2019 00:45:03,Added a few extra tests,0,2,2,0,0,118,17,23,6
58920e5c5792b3bd534adc7c9048b334adafe9f2,0ffa95ea25988641acd6e5c57df6fe2b935fc6ab,,False,1,05/28/2019 01:02:28,1,05/28/2019 01:02:28,Reduced random impact from the test scenario.,0,3,3,0,0,621,6,16,10
3b09da6deed7999ed294918307513bdb74c26a60,58920e5c5792b3bd534adc7c9048b334adafe9f2,,False,1,05/28/2019 01:27:09,1,05/28/2019 01:27:09,Fixed unit test,0,1,1,0,0,50,0,2,2
f3f8467b5b03a47fc55db48749bea4bc7af8e9d7,3b09da6deed7999ed294918307513bdb74c26a60,,False,1,05/28/2019 03:30:52,1,05/28/2019 03:30:52,Improved unit test performance,0,1,1,0,0,66,-2,3,5
daeb4df5c997d5f9c0a09d622367d25821423292,f3f8467b5b03a47fc55db48749bea4bc7af8e9d7,,False,1,05/28/2019 03:53:04,1,05/28/2019 03:53:04,Added door tests,0,3,2,1,0,552,40,45,5
45309d0824c980487fee043c16986d2d7741d375,daeb4df5c997d5f9c0a09d622367d25821423292,,False,1,05/28/2019 03:58:15,1,05/28/2019 03:58:15,Killed dead code,0,1,1,0,0,220,-37,0,37
816a54410af7118f9ff04b083bae894ed40d0df4,45309d0824c980487fee043c16986d2d7741d375,,False,1,05/28/2019 05:18:33,1,05/28/2019 05:18:33,UI Styling,0,7,7,0,0,563,62,91,29
d4249c2a304cdb4889213c67385ba42080a3e3e7,816a54410af7118f9ff04b083bae894ed40d0df4,,False,1,05/28/2019 05:43:19,1,05/28/2019 05:43:19,UI now supports command listing,0,5,4,1,0,480,60,87,27
df166c116aff697e79ac22d1b25c8a46cd89fdc3,d4249c2a304cdb4889213c67385ba42080a3e3e7,,False,1,05/28/2019 05:47:26,1,05/28/2019 05:47:26,Removed ICommandContext,0,6,5,0,1,364,-13,14,27
140a1ecadbcfd402524adccfd975473473b915a8,df166c116aff697e79ac22d1b25c8a46cd89fdc3,,False,1,05/28/2019 06:20:43,1,05/28/2019 06:20:43,Command execution is now invokable from the UI,0,11,10,1,0,1206,48,61,13
014296e1cfa4b72a31937c6fbc2727a8dbed4171,140a1ecadbcfd402524adccfd975473473b915a8,,False,1,05/28/2019 06:24:41,1,05/28/2019 06:24:41,Added missing switch cases,0,1,1,0,0,329,2,2,0
f9733cecc65ab0530a3700d999f729e9b5894eb1,014296e1cfa4b72a31937c6fbc2727a8dbed4171,,False,1,05/28/2019 06:41:10,1,05/28/2019 06:41:10,Added a pair of VM tests,0,8,6,2,0,823,46,64,18
21880e88f884d2b49e6ee42d27113a1b08b37127,f9733cecc65ab0530a3700d999f729e9b5894eb1,,False,1,05/28/2019 16:25:46,1,05/28/2019 16:25:46,Simplified creation,0,19,17,0,2,2498,-81,31,112
e3e08d61c81787f633b5b5ae1de33f4ced68b314,21880e88f884d2b49e6ee42d27113a1b08b37127,,False,1,05/28/2019 17:36:59,1,05/28/2019 17:36:59,Combat no longer moves to the next tile.,0,6,6,0,0,1035,36,45,9
214b1884ba859e32e3bd18068c881f2c7a712a8f,e3e08d61c81787f633b5b5ae1de33f4ced68b314,,False,1,05/28/2019 18:23:49,1,05/28/2019 18:23:49,Simplified some of the internal plumbing.,0,8,8,0,0,1280,-10,56,66
c34aa988701ee9825b23ada86538174ea56ffd2c,214b1884ba859e32e3bd18068c881f2c7a712a8f,,False,1,05/28/2019 18:36:10,1,05/28/2019 18:36:10,Addressed redundant ToString,0,1,1,0,0,24,0,1,1
2402b0dc5a030aff5e1b7b50f8d8554131d0337b,c34aa988701ee9825b23ada86538174ea56ffd2c,,False,1,05/28/2019 18:42:28,1,05/28/2019 18:42:28,Destroyed walls now spawn other walls.,0,3,3,0,0,672,2,25,23
ce5360276107a0affbc2679e2f1c0956ec19d80e,2402b0dc5a030aff5e1b7b50f8d8554131d0337b,,False,1,05/28/2019 19:27:21,1,05/28/2019 19:27:21,Added tests around wall creation logic and Overload command.,0,3,1,2,0,221,112,112,0
797a0506183b1dc64b6d0d73b0eb7b8d3c065b62,ce5360276107a0affbc2679e2f1c0956ec19d80e,,False,1,05/28/2019 19:28:04,1,05/28/2019 19:28:04,Optimized usings.,0,1,1,0,0,66,-5,1,6
49c4813c673ad1932350658d90bdd8a414f02f4f,797a0506183b1dc64b6d0d73b0eb7b8d3c065b62,,False,1,05/28/2019 20:17:47,1,05/28/2019 20:17:47,Early active / targeted command work,0,6,5,1,0,432,52,71,19
99fe209061628117c43c6f67858d424e9e8acc20,49c4813c673ad1932350658d90bdd8a414f02f4f,,False,1,05/28/2019 21:42:06,1,05/28/2019 21:42:06,Brush helpers are now stored in an external lib,0,6,5,0,1,382,-45,9,54
fd6799b216e69d8a1801b8e21fda33e532c923ca,99fe209061628117c43c6f67858d424e9e8acc20,,False,1,05/28/2019 22:05:31,1,05/28/2019 22:05:31,Plumbing for active command toggling,0,4,4,0,0,351,28,43,15
a8beadf9db05fc77445b83ab8c17c141b4bd07b9,fd6799b216e69d8a1801b8e21fda33e532c923ca,,False,1,05/28/2019 22:33:17,1,05/28/2019 22:33:17,Command loop work on active effects,0,16,15,1,0,1418,-27,52,79
e5063436df05ca6c9416994ff9d818b5fc7e6b6f,a8beadf9db05fc77445b83ab8c17c141b4bd07b9,,False,1,05/28/2019 23:28:44,1,05/28/2019 23:28:44,Added GameVM tests,0,2,1,1,0,163,48,48,0
1278191f3eb17804f77aa01ca686bb67070af654,e5063436df05ca6c9416994ff9d818b5fc7e6b6f,,False,1,05/29/2019 00:11:03,1,05/29/2019 00:11:03,Introduced dictionaries to improve code coverage.,0,2,2,0,0,301,-40,34,74
c4e046627d172a3f1be8e596208cede866a77762,1278191f3eb17804f77aa01ca686bb67070af654,,False,1,05/29/2019 19:10:24,1,05/29/2019 19:10:24,Select a tile for targeted commands is now supported.,0,8,7,1,0,1097,88,104,16
70aae0fc57d7aa090d9a86f46708e4c16fb67dc0,c4e046627d172a3f1be8e596208cede866a77762,82c089f248fef77d079e9f94c446a9b16bbe9d88,True,1,05/29/2019 19:15:11,1,05/29/2019 19:15:11,Merge remote-tracking branch 'GitHub/master',0,12,9,3,0,1398,134,148,14
54f8640272c010b6f26d101ede63e9be34ac1f2f,70aae0fc57d7aa090d9a86f46708e4c16fb67dc0,,False,1,05/29/2019 19:15:26,1,05/29/2019 19:15:26,Resolved merge issue,0,1,1,0,0,208,0,3,3
614fd5ab46714bf9b71bf844c4258b7ec64140e4,54f8640272c010b6f26d101ede63e9be34ac1f2f,,False,1,05/29/2019 19:33:26,1,05/29/2019 19:33:26,Added swap command tests so there's coverage on targeted commands,0,3,2,1,0,244,77,78,1
92bdf0dad582eba8c9fb54bb484b710d327e22a3,614fd5ab46714bf9b71bf844c4258b7ec64140e4,,False,1,05/30/2019 04:37:47,1,05/30/2019 04:37:47,Early AI,0,68,62,4,2,4858,117,316,199
ca640dad619f5738be2f57870793991630834145,92bdf0dad582eba8c9fb54bb484b710d327e22a3,,False,1,05/30/2019 05:03:20,1,05/30/2019 05:03:20,Context is now created at game start and used throughout a game's life.,0,4,4,0,0,701,13,36,23
5aa5c24dedc08a57b2fc1252a3d7a9d8f1b585da,ca640dad619f5738be2f57870793991630834145,,False,1,05/31/2019 17:34:35,1,05/31/2019 17:34:35,Refactored behavior tree a bit. Started adding tests.,0,6,3,3,0,436,86,95,9
0a93822c819e7e8b5f0be338541679ead8580266,5aa5c24dedc08a57b2fc1252a3d7a9d8f1b585da,,False,1,05/31/2019 17:55:38,1,05/31/2019 17:55:38,Added a helpy wander test,0,2,2,0,0,74,18,22,4
a1cb34098fa597f9c45af1bc272cf05e96383880,0a93822c819e7e8b5f0be338541679ead8580266,,False,1,06/01/2019 03:10:30,1,06/01/2019 03:10:30,Expanded tests to cover larger surface areas,0,2,2,0,0,87,2,4,2
5bf6a350684160a764d05c7c3f601737464e785a,a1cb34098fa597f9c45af1bc272cf05e96383880,,False,1,06/01/2019 03:22:34,1,06/01/2019 03:22:34,Added App.xaml test for code coverage false positives.,0,2,1,1,0,133,14,14,0
c691a1a308c810416c98b7cc384cb8c0fb2c308f,5bf6a350684160a764d05c7c3f601737464e785a,,False,1,06/01/2019 03:30:33,1,06/01/2019 03:30:33,Moved the get behaviors call into the actor class.,0,2,2,0,0,330,7,22,15
30cd7a327d148e5df0bad0755b5f7ca2d50b4ebd,c691a1a308c810416c98b7cc384cb8c0fb2c308f,769bafd8f39d51bdb7f8b9ce098442493d176c9f,True,1,06/09/2019 23:43:51,1,06/09/2019 23:43:51,Merge branch 'CreationRefactorNoDTOs',0,119,88,20,11,7609,130,1488,1358
84ed0afca5c7fb42d5f586009b330b200013d303,30cd7a327d148e5df0bad0755b5f7ca2d50b4ebd,,False,1,06/09/2019 23:53:35,1,06/09/2019 23:53:35,Addressed code analysis concerns.,0,1,1,0,0,297,-90,3,93
05f5017a182b814448a80f265ed8ccdd4f6d60a0,84ed0afca5c7fb42d5f586009b330b200013d303,,False,1,06/09/2019 23:59:51,1,06/09/2019 23:59:51,Resolved an easy TODO comment around the player's name,0,1,1,0,0,265,17,19,2
92bb29d89ef27a239c8411886326da5622bbc532,05f5017a182b814448a80f265ed8ccdd4f6d60a0,,False,1,06/10/2019 02:12:00,1,06/10/2019 02:12:00,Added hotkeys for command execution,0,1,1,0,0,106,40,41,1
903f65af53094752a449791546ff819ae4496237,92bb29d89ef27a239c8411886326da5622bbc532,,False,1,06/10/2019 02:31:02,1,06/10/2019 02:31:02,Added LoS indicators,0,7,6,1,0,1322,48,65,17
479423c634004a0ca29a4729322ed0ac26a812ab,903f65af53094752a449791546ff819ae4496237,,False,1,06/10/2019 02:49:40,1,06/10/2019 02:49:40,Added a model of player knowledge of various tiles.,0,7,6,1,0,1116,58,65,7
2a47d089f59ca40c05cef98ab6fd016c91d927fd,479423c634004a0ca29a4729322ed0ac26a812ab,,False,1,06/10/2019 02:58:29,1,06/10/2019 02:58:29,Now only managing UI objects who are visible.,0,2,2,0,0,402,17,19,2
075fc0622eb1ba3d144bd4722af741bbaa0b454a,2a47d089f59ca40c05cef98ab6fd016c91d927fd,,False,1,06/10/2019 03:00:44,1,06/10/2019 03:00:44,Removed extra collection,0,2,2,0,0,306,-3,4,7
467ffa1393b0a8d0b68ff51382d4eb8ed51d0649,075fc0622eb1ba3d144bd4722af741bbaa0b454a,,False,1,06/10/2019 04:19:20,1,06/10/2019 04:19:20,Fixed bug in known cells disappearing.,0,1,1,0,0,255,-7,2,9
73d7e1e3ff6b7682e04bd3000023fc7bdcd8ca25,467ffa1393b0a8d0b68ff51382d4eb8ed51d0649,,False,1,06/10/2019 05:16:16,1,06/10/2019 05:16:16,Handling game over states,0,7,7,0,0,1514,52,174,122
b85356e8e28ba7a3f7ced6ff91eba8ed617c33a8,73d7e1e3ff6b7682e04bd3000023fc7bdcd8ca25,,False,1,06/14/2019 04:15:45,1,06/14/2019 04:15:45,Stab at melee AI but it's not working.,0,9,6,1,2,1197,-21,62,83
48b7cc83595685e253ce2c8e48a6dc47de6874a4,b85356e8e28ba7a3f7ced6ff91eba8ed617c33a8,,False,1,06/17/2019 04:13:55,1,06/17/2019 04:13:55,AI and event visualization work.,0,28,28,0,0,736,101,108,7
a1a5538a78e0a451f3bb063c55f2d2ca735ee36a,48b7cc83595685e253ce2c8e48a6dc47de6874a4,,False,1,06/18/2019 04:20:46,1,06/18/2019 04:20:46,Added an early mechanism for debug actions.,0,9,6,3,0,1263,127,149,22
6b5e2776807414773ffd88f8ae1a4729a08932c2,a1a5538a78e0a451f3bb063c55f2d2ca735ee36a,,False,1,06/19/2019 03:04:22,1,06/19/2019 03:04:22,Actors now move towards melee range.,0,3,2,1,0,336,63,64,1
4fb42fdd86a7002528ade7e1345b719d8e8db3e2,6b5e2776807414773ffd88f8ae1a4729a08932c2,,False,1,06/20/2019 02:04:25,1,06/20/2019 02:04:25,Create Actor Window,0,7,4,3,0,681,118,135,17
8706c3a2aceb662c2518e42554ad30302ce71274,4fb42fdd86a7002528ade7e1345b719d8e8db3e2,,False,1,06/20/2019 03:42:39,1,06/20/2019 03:42:39,Fixed a number of pathfinding bugs,0,9,7,2,0,909,99,102,3
8cc4c7b300daf7c5edc8bc7005c92aee12accd12,8706c3a2aceb662c2518e42554ad30302ce71274,,False,1,06/24/2019 02:25:47,1,06/24/2019 02:25:47,Flee behavior now prioritizes open areas,0,2,2,0,0,253,45,50,5
3132e52e0bc0c40c1390e8655c7e4cb7ad4c3970,8cc4c7b300daf7c5edc8bc7005c92aee12accd12,,False,1,06/24/2019 02:31:51,1,06/24/2019 02:31:51,Cleaner cell scoring,0,1,1,0,0,64,10,13,3
459419eac15e1f88cbdeb73ab1817239fc5cca09,3132e52e0bc0c40c1390e8655c7e4cb7ad4c3970,c6f0ea0b6c60b7046c9caec7fc5df568eda660bc,True,1,06/24/2019 04:13:07,2,06/24/2019 04:13:07,Merge pull request #1 from IntegerMan/TestBranch,1,7,5,2,0,299,25,52,27
7c55230adf9cab765f6f8cba090a2a78f39d3aff,459419eac15e1f88cbdeb73ab1817239fc5cca09,,False,1,06/27/2019 03:12:19,1,06/27/2019 03:12:19,Fire update when corruption level changes.,0,1,1,0,0,192,1,1,0
b934a003db461b7a420ae66a23274bd52b961512,7c55230adf9cab765f6f8cba090a2a78f39d3aff,,False,1,06/27/2019 03:24:31,1,06/27/2019 03:24:31,Addressed Codacy issues.,0,2,2,0,0,191,3,21,18
19717eaecc5ecbac9620ae3e344842b53931a73f,b934a003db461b7a420ae66a23274bd52b961512,,False,1,01/02/2022 20:43:58,1,01/02/2022 20:43:58,Upgraded version to .NET Framework 4.8,0,5,5,0,0,276,0,7,7
